Date,Close,High,Low,Open,Volume
2018-01-02,40.26707077026367,40.27642306888876,39.565798181369,39.7761820981515,102223600
2018-01-03,40.26006317138672,40.80238241744237,40.19695119893329,40.33019115208112,118071600
2018-01-04,40.44707489013672,40.54992879885171,40.22500589642445,40.33253238872998,89738400
2018-01-05,40.90757369995117,40.99406285723671,40.45174716352319,40.54291247080879,94640000
2018-01-08,40.7556266784668,41.050159881448366,40.65744537728277,40.7556266784668,82271200
2018-01-09,40.7509651184082,40.921607177245335,40.53590854238624,40.80239207863717,86336000
2018-01-10,40.74161148071289,40.74395133955629,40.44006573912767,40.47746781204214,95839600
2018-01-11,40.9730224609375,41.02211311511454,40.7883555686387,40.81172918317203,74670800
2018-01-12,41.39613342285156,41.4592489749362,41.05952190087746,41.1834131462071,101672400
2018-01-16,41.185752868652344,41.93377648897424,41.17406427506678,41.585476374529335,118263600
2018-01-17,41.8659782409668,41.901040446396664,40.92393560860837,41.176390621417674,137547200
2018-01-18,41.90336990356445,42.09972892251785,41.66727610284251,41.92908337230499,124773600
2018-01-19,41.716373443603516,41.97818075507873,41.47092730566695,41.75143564894141,129700400
2018-01-22,41.375091552734375,41.55742217931307,41.28158994771982,41.44521953992409,108434400
2018-01-23,41.384437561035156,41.94545785474811,41.33301417846406,41.44521681046371,130756400
2018-01-24,40.72524642944336,41.44522021370444,40.486812695865126,41.433531621173195,204420400
2018-01-25,39.998260498046875,40.89588876808735,39.86268067077133,40.79303486002607,166116000
2018-01-26,40.091758728027344,40.206301219057266,39.75281097181956,40.206301219057266,156572000
2018-01-29,39.26192092895508,39.7761868421077,39.05387684544463,39.7761868421077,202561600
2018-01-30,39.0305061340332,39.124007745796824,38.499875391787135,38.693894624711604,184192800
2018-01-31,39.138023376464844,39.37412077565685,38.92063057543217,39.00711972420556,129915600
2018-02-01,39.21984100341797,39.41619648711814,38.98140730643512,39.07724875688061,188923200
2018-02-02,37.51808547973633,38.99075870726561,37.424583889707215,38.80375196035035,346375200
2018-02-05,36.580726623535156,38.30819507475602,36.46618412011472,37.19083407744985,290954000
2018-02-06,38.1094970703125,38.270790367350905,35.99866645876102,36.19268567354218,272975200
2018-02-07,37.29368209838867,38.195986484247946,37.18381931919892,38.12352220639921,206434400
2018-02-08,36.26748275756836,37.634965863191155,36.23943299272922,37.46899643189285,217562000
2018-02-09,36.711090087890625,37.058460813619604,35.26292594672998,36.865999961496776,282690400
2018-02-12,38.18976974487305,38.4667265805271,36.96927155384121,37.201636376347686,243278000
2018-02-13,38.57233428955078,38.66856648297439,37.9409622819946,38.011376169411854,130196800
2018-02-14,39.28351974487305,39.32342012499602,38.22967123455398,38.26722221611662,162579600
2018-02-15,40.60258102416992,40.62604993130771,39.66608460137815,39.851504367782084,204588800
2018-02-16,40.471153259277344,41.032115117639805,40.31624696133215,40.454725377080166,160704400
2018-02-20,40.335018157958984,40.900667983713674,40.23409073734247,40.381959561813375,135722000
2018-02-21,40.15195083618164,40.86781542185468,40.13786518942926,40.56504027258118,149886400
2018-02-22,40.487579345703125,40.82790900653201,40.30215954364588,40.32328263855121,123967600
2018-02-23,41.191707611083984,41.22691276622604,40.73167328929835,40.76218681135434,135249600
2018-02-26,42.00615692138672,42.10473494491624,41.35835694616437,41.391216287340875,152648800
2018-02-27,41.870025634765625,42.360569950834076,41.81604319718002,42.03667174392078,155712400
2018-02-28,41.806644439697266,42.39342084865955,41.79021656257379,42.07421433892811,151128400
2018-03-01,41.07435607910156,42.19627249006448,40.52513412020834,41.90523004911441,195208000
2018-03-02,41.35835266113281,41.37947575368643,40.47583859285667,40.557988727986356,153816000
2018-03-05,41.50154113769531,41.71747451781942,40.96170589668479,41.123656827127995,113605600
2018-03-06,41.46631622314453,41.83715935575729,41.33957409039291,41.75735862101,95154000
2018-03-07,41.08140182495117,41.27386626316505,40.903023033099316,41.0602787275082,126814000
2018-03-08,41.529693603515625,41.57193979190114,41.09078593320187,41.187014556102035,95096400
2018-03-09,42.243221282958984,42.24791649869535,41.63532156620826,41.76910835419292,128740800
2018-03-12,42.651615142822266,42.80887083210406,42.29720338770059,42.31597708610445,128828400
2018-03-13,42.24087142944336,43.069399648429766,42.069533676140765,42.855812120337546,126774000
2018-03-14,41.88176345825195,42.36996197589975,41.73389462212503,42.323020568345115,117473600
2018-03-15,41.93104934692383,42.30424194138419,41.79492034377192,41.89584418772932,90975200
2018-03-16,41.78318786621094,42.04136741352731,41.689301464223135,41.93105312956666,157618800
2018-03-19,41.144779205322266,41.654100905167574,40.75985386813316,41.618895738906545,133787200
2018-03-20,41.13068771362305,41.49683568443578,41.06027381583607,41.13068771362305,78597600
2018-03-21,40.198883056640625,41.09547563260166,40.19653365868567,41.08373938702482,148219600
2018-03-22,39.63088607788086,40.52982452051389,39.57220842812468,39.90080183419946,165963200
2018-03-23,38.71317672729492,39.88203480809846,38.71317672729492,39.52292778579496,164115200
2018-03-26,40.55094909667969,40.62840402011539,39.06523065201155,39.44781005466082,150164800
2018-03-27,39.511165618896484,41.10954358762236,39.17787713100135,40.76451885817779,163690400
2018-03-28,39.07461929321289,39.905496814461294,38.77184419806612,39.2553474561917,166674000
2018-03-29,39.3797492980957,40.31155078767656,39.17320279721128,39.38679033049858,153594000
2018-04-02,39.12156295776367,39.65201123119887,38.60285451256873,39.11217610913106,150347200
2018-04-03,39.52292251586914,39.60741848522696,38.69908950068041,39.34688954482369,121112000
2018-04-04,40.27867889404297,40.37256168443263,38.673259541147125,38.699077845714115,138422000
2018-04-05,40.557979583740234,40.8936139166393,40.38898771861395,40.50634298154063,107732800
2018-04-06,39.520565032958984,40.48287617510632,39.47831527005165,40.128464520656294,140021200
2018-04-09,39.912532806396484,40.6260513573316,39.86559140907428,39.872632439602654,116070800
2018-04-10,40.66362380981445,40.83965681332014,40.259921168596016,40.60494614197922,113634400
2018-04-11,40.47349166870117,40.82086231298436,40.29980455586002,40.424200872692495,89726400
2018-04-12,40.87251281738281,41.074364121464306,40.61432966748776,40.70117504412537,91557200
2018-04-13,41.010990142822266,41.27151910294791,40.80444720984534,41.02272639139374,100497200
2018-04-16,41.266815185546875,41.35365695260684,41.03445042603608,41.0813918249496,86313600
2018-04-17,41.83482360839844,41.999120331657075,41.40530272955087,41.42408000955185,106421600
2018-04-18,41.740936279296875,41.97095526813903,41.515616087100334,41.733895247128224,83018000
2018-04-19,40.557979583740234,41.16587898616482,40.5251202533767,40.783299682976356,139235200
2018-04-20,38.896244049072266,40.1871524529709,38.82817596401007,40.04163301530664,261964400
2018-04-23,38.78358840942383,39.177900575378345,38.51366901785712,39.15677747678798,146062000
2018-04-24,38.243751525878906,39.03942043706122,37.84004894625956,38.88451055807703,134768000
2018-04-25,38.410400390625,38.82583928664687,38.119361446786506,38.16864868277175,113528400
2018-04-26,38.54417419433594,38.89858590345385,38.344668756042076,38.520701702278025,111852000
2018-04-27,38.098228454589844,38.56999549782901,37.70156694524858,38.49254056570322,142623200
2018-04-30,38.788272857666016,39.25769406239759,37.98556302734298,38.053631107612816,169709600
2018-05-01,39.68955993652344,39.71302884534446,38.790617998357064,39.058187912431194,214277600
2018-05-02,41.44285583496094,41.719812647104675,40.792706415671205,41.12834088273352,266157600
2018-05-03,41.51795196533203,41.66112555415438,40.942911793681255,41.280895582468375,136272800
2018-05-04,43.146846771240234,43.24542478603207,41.81838401597067,41.83716129232139,224805200
2018-05-07,43.459014892578125,44.04813720028736,43.36278268851024,43.463706525898886,169805600
2018-05-08,43.66790008544922,43.70780045059003,43.10928781068014,43.419107466689546,113611200
2018-05-09,43.97538375854492,43.98477060792433,43.47310315384662,43.78526872136192,92844800
2018-05-10,44.60440444946289,44.68185938348441,44.043446213428126,44.0645728909975,111957200
2018-05-11,44.43476104736328,44.78111639096404,44.16615931102086,44.646817320397844,104848800
2018-05-14,44.33108139038086,44.65623212523947,44.26275443642257,44.53371098533184,83115200
2018-05-15,43.92818832397461,44.076627354090526,43.612464172969005,44.008296792998124,94780800
2018-05-16,44.33814239501953,44.404118071374505,43.824502106780066,43.840996924671,76732400
2018-05-17,44.05778121948242,44.51016293392808,43.90934217740125,44.29575178319089,69176000
2018-05-18,43.89755630493164,44.25097982122303,43.85514720867744,44.104899251623095,73190800
2018-05-21,44.208580017089844,44.594989665645436,44.038936405996104,44.29575668563138,73603200
2018-05-22,44.097816467285156,44.503075586060376,44.008281389004274,44.38526778630499,60962800
2018-05-23,44.38056945800781,44.41355550927262,43.767967254278695,43.90698323730388,80233600
2018-05-24,44.33108139038086,44.493656757810164,43.873990067081564,44.47716553245859,92936000
2018-05-25,44.432403564453125,44.68451046232307,44.21327912142766,44.3499366417125,69844000
2018-05-29,44.27219009399414,44.47246488387322,44.02950620237712,44.20150825776424,90056400
2018-05-30,44.17793273925781,44.29574055989583,44.008289189922316,44.229768467955296,74762000
2018-05-31,44.029510498046875,44.34994803599016,43.857512021089384,44.1119774419747,109931200
2018-06-01,44.82352828979492,44.82823801484715,44.23684395189632,44.293393009412675,93770000
2018-06-04,45.198158264160156,45.57278634857579,45.08506373956886,45.15339070780669,105064800
2018-06-05,45.54685974121094,45.69529874796764,45.32302559759376,45.490314287367944,86264000
2018-06-06,45.70472717285156,45.72829017819991,45.219359462438206,45.62226384455202,83734400
2018-06-07,45.58220291137695,45.756556182570655,45.31831095206301,45.742419819523526,85388800
2018-06-08,45.16752624511719,45.23821166989341,44.71278969726127,45.04265021927023,106627200
2018-06-11,45.05679702758789,45.231153969750345,44.81647156094477,45.085073361177756,73234000
2018-06-12,45.30419158935547,45.38194521050095,45.03794466802796,45.09449373664577,67644400
2018-06-13,44.93191146850586,45.44555554341027,44.870652683238966,45.33717074386563,86553600
2018-06-14,44.955467224121094,45.13689228323737,44.81880971422139,45.13217896352785,86440400
2018-06-15,44.49367141723633,44.80468589134723,44.35701386908553,44.77405469747586,246876800
2018-06-18,44.47010040283203,44.583194911549555,44.107250277682624,44.267470793974596,73939600
2018-06-19,43.75147247314453,43.90226635171033,43.2236921005594,43.62188314112478,134314000
2018-06-20,43.942325592041016,44.10725585377342,43.76090050653034,43.90698467710195,82514800
2018-06-21,43.69728469848633,44.37821385591246,43.57476354074038,44.119035175144084,102847600
2018-06-22,43.5700569152832,43.8598632336105,43.51822117116477,43.852795049886204,108801600
2018-06-25,42.92210006713867,43.5700430674738,42.58281297536606,43.21190629335723,126652400
2018-06-26,43.4546012878418,43.94939568980616,43.00928776415795,43.115317704014764,98276800
2018-06-27,43.3909797668457,44.12609945793199,43.360348581313914,43.64308664748483,101141200
2018-06-28,43.70669937133789,43.873988050554196,43.30615351932165,43.37683892737374,69460800
2018-06-29,43.61481475830078,44.104895760187524,43.096461027816034,43.89283951007356,90950800
2018-07-02,44.1025505065918,44.13082683886514,43.216636658259354,43.31088510715263,70925200
2018-07-03,43.33443832397461,44.28396929007822,43.24490320913668,44.24626991591381,55819200
2018-07-05,43.68313980102539,43.92111390698373,43.41925142512887,43.65015375403833,66416800
2018-07-06,44.28868103027344,44.39706223311594,43.636024569780716,43.68786030860455,69940800
2018-07-09,44.90364074707031,44.92720016005415,44.60205293727909,44.64917535845704,79026400
2018-07-10,44.849456787109375,45.06857769589515,44.809398948202585,44.93427859588051,63756400
2018-07-11,44.267478942871094,44.71514733555964,44.20386169710242,44.41355952665594,75326000
2018-07-12,45.0096549987793,45.09919009160523,44.6043958141694,44.65623154209923,72164400
2018-07-13,45.08035659790039,45.20051932204773,44.97903996775959,45.02145266730081,50055600
2018-07-16,44.98139572143555,45.3913647528247,44.865942730126086,45.12512144726553,60172400
2018-07-17,45.10862350463867,45.20758166383214,44.5784881977529,44.708077547367004,62138000
2018-07-18,44.86121368408203,45.19107771710579,44.750474052413736,45.1863643979344,65573600
2018-07-19,45.20992660522461,45.36778864020919,44.69392781889089,44.69392781889089,81147200
2018-07-20,45.106266021728516,45.33952324227363,44.80703310367688,45.18637448948724,82704800
2018-07-23,45.146324157714844,45.22879109031837,44.66331125648758,44.92719968848247,63957600
2018-07-24,45.473819732666016,45.62932692206322,45.24998558773883,45.34423040816834,74791600
2018-07-25,45.90263748168945,45.90970566277552,45.33951269029891,45.48795168352464,66839600
2018-07-26,45.75891876220703,46.171246165870855,45.61754792858129,45.85316358781776,76304000
2018-07-27,44.99787521362305,45.98981866842015,44.7905358892072,45.94269625810789,96096000
2018-07-30,44.745765686035156,45.28532390323262,44.54784941734162,45.21463849435372,84118000
2018-07-31,44.8353157043457,45.27120624316856,44.61148147976534,44.837674162581855,157492000
2018-08-01,47.476558685302734,47.53781746675014,46.48932842822588,46.918150683987434,271742800
2018-08-02,48.86433792114258,49.097598749071246,47.20560504150239,47.259795643672035,249616000
2018-08-03,49.00571060180664,49.182422376318144,48.414312895506896,48.7795179485394,133789600
2018-08-06,49.26017379760742,49.30258289590306,48.7889424198688,49.008063284816416,101701600
2018-08-07,48.79835891723633,49.36148019425983,48.71589199911434,49.31907110165512,102349600
2018-08-08,48.83135223388672,48.96329644635382,48.1881224005045,48.548614122141466,90102000
2018-08-09,49.21540069580078,49.427453353804616,48.81956451359469,49.3685494382247,93970400
2018-08-10,49.068817138671875,49.4400328797773,48.865476836370014,49.02862242410072,98444800
2018-08-13,49.385643005371094,49.87744283435731,49.10900627803238,49.48967807024764,103563600
2018-08-14,49.593711853027344,49.78522930486312,49.2414119574974,49.690653943503335,82992000
2018-08-15,49.709571838378906,49.82779284898479,49.25796671198787,49.46839996655359,115230400
2018-08-16,50.437808990478516,50.553663261058226,50.00038984892316,50.06659332005974,114001600
2018-08-17,51.44505310058594,51.532535490008144,50.399979846645785,50.466183320989956,141708000
2018-08-20,50.943790435791016,51.82335127939345,50.86103429992759,51.56799711668782,121150800
2018-08-21,50.8444938659668,51.3528464083779,50.60568870827155,51.260634158592694,104639200
2018-08-22,50.84686279296875,51.156601296459534,50.56076632942316,50.62224357048316,76072400
2018-08-23,50.950897216796875,51.31974622714638,50.74046394254264,50.75228315845391,75532800
2018-08-24,51.10930633544922,51.28427111585805,50.861041500529375,51.21334139829706,73905600
2018-08-27,51.530174255371094,51.71932859234506,51.14950246004533,51.34338303977495,82100400
2018-08-28,51.9463005065918,52.14491089711803,51.76187605712912,51.78315496872447,91107200
2018-08-29,52.721839904785156,52.8424276423776,51.8777437807323,52.0527085641898,109019200
2018-08-30,53.206539154052734,53.97024574907113,52.58469558416517,52.785672712873435,195175200
2018-08-31,53.821292877197266,54.11447864417697,53.43589126797498,53.556475387508385,173360400
2018-09-04,53.993896484375,54.18777705269031,53.584852825321335,54.005719306205876,109560400
2018-09-05,53.641597747802734,54.30363609852174,53.22309798700196,54.14285726319419,133332000
2018-09-06,52.750213623046875,53.75509216076385,52.32461728550888,53.49027465750758,137160000
2018-09-07,52.324615478515625,53.2869325453365,52.18511556397365,52.45465930046942,150479200
2018-09-10,51.62238693237305,52.45466385736109,51.18260462853595,52.24186387354506,158066000
2018-09-11,52.92755889892578,53.03395710903533,51.20389418543634,51.54673446593141,142996000
2018-09-12,52.270240783691406,53.19945622059127,51.97941449205581,53.18527027618349,197114800
2018-09-13,53.532840728759766,53.99153884293053,52.6249042019705,52.84952340827975,166825600
2018-09-14,52.92518997192383,53.6345161536313,52.61308832803869,53.37679517348761,127997200
2018-09-17,51.51598358154297,52.714742633075524,51.371753818722354,52.5255883134687,148780400
2018-09-18,51.60110855102539,52.45466440089387,51.33629103116489,51.49470675410538,126286800
2018-09-19,51.6318359375,51.927388423487095,50.905960907981274,51.662574550544555,108495200
2018-09-20,52.02434158325195,52.55633617131596,51.816271434307,52.07399599891171,106435200
2018-09-21,51.46396255493164,52.338797164845985,51.37647656846738,52.201660382649074,384986800
2018-09-24,52.20402526855469,52.315153292233006,51.22042933428429,51.26535388953533,110773600
2018-09-25,52.53505325317383,52.68401288099076,51.94631132173357,51.95813414435409,98217600
2018-09-26,52.116539001464844,52.903891200651834,51.9604864341698,52.25367577807399,95938800
2018-09-27,53.18762969970703,53.53992959522191,52.85424559802705,52.9204526803586,120724800
2018-09-28,53.374420166015625,53.398062202116094,52.96773962377275,53.14979737223942,91717600
2018-10-01,53.73381423950195,54.24452988828253,53.518654734943205,53.896959816847335,94403200
2018-10-02,54.211429595947266,54.38166815008611,53.584859645171754,53.731452552639425,99152800
2018-10-03,54.87110137939453,55.20211876466658,54.329647132562286,54.39348748822865,114619200
2018-10-04,53.90642166137695,54.93730909364432,53.60850238383533,54.566093361412044,128168000
2018-10-05,53.03157424926758,54.00571773627825,52.15437645532441,53.89931955853073,134322000
2018-10-08,52.90863800048828,53.15217302088543,52.0645381588214,52.53978898349141,118655600
2018-10-09,53.641597747802734,53.73617671665903,52.549236814198565,52.87789106435932,107564000
2018-10-10,51.156593322753906,53.51865029661315,51.08329687705558,53.308217052458474,167962400
2018-10-11,50.70499038696289,51.89902330763163,50.201371338479035,50.721543060089694,212497600
2018-10-12,52.51614761352539,52.698209015193406,51.2700969110089,52.116559943288934,161351600
2018-10-15,51.393043518066406,52.44993975756,51.37176459969738,52.2915240188917,123164000
2018-10-16,52.52558135986328,52.72419535345712,51.25115930607509,51.764237939904824,116736000
2018-10-17,52.298614501953125,52.64145473247039,51.86119529237717,52.561065306134864,91541600
2018-10-18,51.076210021972656,51.95577469132143,50.36215405754023,51.5112625057011,130325200
2018-10-19,51.854095458984375,52.31515664645652,51.40958333577089,51.558542953192145,132314800
2018-10-22,52.17093276977539,52.81169226211933,51.766618916580256,51.967592478519066,115168400
2018-10-23,52.66272735595703,52.785678210129554,50.76409832307149,51.03127894622945,155071200
2018-10-24,50.856319427490234,53.01739960993079,50.72627557904296,52.63200152357531,163702000
2018-10-25,51.96995162963867,52.3435304176031,51.248802817676285,51.47578872209439,119423200
2018-10-26,51.14241027832031,52.062169603151254,50.284124580632735,51.04783130446249,189033600
2018-10-29,50.182456970214844,51.94394934491909,48.728336343503514,51.82572833174674,183742000
2018-10-30,50.43308639526367,50.8775949642934,49.480225290241705,49.924733859271434,146640000
2018-10-31,51.74770736694336,52.123649361726414,51.21807587449459,51.279553116688625,153435600
2018-11-01,52.542152404785156,52.57525414732443,51.26300005412576,51.79263154257351,233292800
2018-11-02,49.05699157714844,50.51583847534508,48.572284692079506,49.546428313026276,365314800
2018-11-05,47.66434860229492,48.32638701675462,46.85571728176754,48.305108099645274,264654800
2018-11-06,48.179786682128906,48.40440585745062,47.68798689600997,47.74236754506671,127531600
2018-11-07,49.64101028442383,49.667019055603284,48.2649193571804,48.69997188616448,133697600
2018-11-08,49.467796325683594,49.85453905967433,49.054950457423345,49.821321825704445,101450400
2018-11-09,48.513973236083984,48.879362743694706,47.987240320926354,48.770221974842265,137463200
2018-11-12,46.07012939453125,47.41780773297329,45.97996678297015,47.21612935039931,204542000
2018-11-13,45.60982894897461,46.784299734622806,45.42476100071037,45.46747093822109,187531600
2018-11-14,44.32148361206055,46.14369273389911,44.11505882624037,46.006077416821554,243204000
2018-11-15,45.4152717590332,45.548140683443364,44.345195403445636,44.69872449335649,185915200
2018-11-16,45.918277740478516,46.259942766410056,44.952603027303574,45.19935909025038,147713200
2018-11-19,44.09843826293945,45.24680950472581,43.89201716190447,45.080723353294985,167701200
2018-11-20,41.99151611328125,43.05684633458593,41.64273330485172,42.32131712569472,271300800
2018-11-21,41.94405746459961,42.77212054847709,41.889487071573676,42.643994348703465,124496800
2018-11-23,40.87873458862305,41.90135851863127,40.83365689452534,41.507494383952164,94496000
2018-11-26,41.43157196044922,41.5098705230007,40.39708745646012,41.34141294148129,179994000
2018-11-27,41.34141159057617,41.46716283590815,40.54419416749373,40.69366994529131,165549600
2018-11-28,42.931087493896484,43.01412876378861,41.50511064186913,41.93219192550799,184250000
2018-11-29,42.60129165649414,43.37240942608668,42.16234624717858,43.33919219005899,167080000
2018-11-30,42.37113571166992,42.78635290696132,42.003371186044795,42.776860200784085,158126000
2018-12-03,43.85169219970703,43.88016308346337,42.995158116098935,43.76627592803061,163210000
2018-12-04,41.922706604003906,43.27512777330079,41.823054898940676,42.9334627157085,165377200
2018-12-06,41.455284118652344,41.46951955718573,40.43503545235043,40.75297231428439,172393600
2018-12-07,39.97711944580078,41.40072149253783,39.93203813505562,41.16345448474832,169126400
2018-12-10,40.24048614501953,40.356744662283546,38.7528209859677,39.14905645625793,248104000
2018-12-11,40.01034164428711,40.76010273038026,39.623595215094355,40.72926047741938,189126800
2018-12-12,40.12185287475586,40.79094396093765,40.10287107949015,40.43029709170368,142510800
2018-12-13,40.56078338623047,40.94515829770429,40.22861111251852,40.45164261932779,127594400
2018-12-14,39.262939453125,40.117102042698306,39.21548678046134,40.09812024955147,162814800
2018-12-17,38.89754867553711,39.94389690996211,38.610454041222965,39.25582050641888,177151600
2018-12-18,39.40292739868164,39.749335147040604,39.00431700694578,39.23921261031191,135366000
2018-12-19,38.17388153076172,39.73035222871584,37.746800273297104,39.38631585646059,196189200
2018-12-20,37.210594177246094,38.463363988754615,36.84757585802534,38.05763571529184,259092000
2018-12-21,35.76325225830078,37.52614787017046,35.50226074249866,37.217700060216195,382978400
2018-12-24,34.83790969848633,35.95781008841347,34.7809643222436,35.151100216804714,148676800
2018-12-26,37.29125213623047,37.30548757627083,34.81181283127579,35.186695107435334,234330000
2018-12-27,37.04922866821289,37.19633662270598,35.6066489588287,36.97567650116932,212468400
2018-12-28,37.0682258605957,37.611569368803295,36.66961900113825,37.369555992471305,169165600
2018-12-31,37.42649841308594,37.810869799996105,37.12753967179389,37.61393775275985,140014000
2019-01-02,37.46918869018555,37.689848791425575,36.59367324345674,36.75027026751024,148158800
2019-01-03,33.73700714111328,34.57455965521732,33.69192581603775,34.16171362708224,365248800
2019-01-04,35.17720031738281,35.24600976737911,34.11899163910133,34.292195516680664,234428400
2019-01-07,35.09890365600586,35.31244611659193,34.617251961933846,35.281600249745665,219111200
2019-01-08,35.768009185791016,36.021886677011715,35.23890465732075,35.48566080598781,164101200
2019-01-09,36.37540054321289,36.664866551777166,35.502259784558376,35.89612022438251,180396400
2019-01-10,36.49167251586914,36.53200747936951,35.794106819127585,36.18322463099874,143122800
2019-01-11,36.133392333984375,36.467939696000656,35.948324350827995,36.27338262516767,108092800
2019-01-14,35.590049743652344,35.891379845195914,35.404981774617916,35.79172814036254,129756800
2019-01-15,36.318477630615234,36.394401221875455,35.6019299572267,35.65412901014691,114843600
2019-01-16,36.76213455200195,36.98516602021982,36.30183618064263,36.32081796734262,122278800
2019-01-17,36.980438232421875,37.40751959655014,36.36354252641356,36.58657410659207,119284800
2019-01-18,37.208213806152344,37.45971625451414,37.00890676859886,37.369553633249645,135004000
2019-01-22,36.37303161621094,37.186855683764556,36.21168817452131,37.11093212681015,121576000
2019-01-23,36.5201416015625,36.80960767396495,35.9934084941028,36.57471200591153,92522400
2019-01-24,36.23067855834961,36.65301362642966,36.00290421307908,36.56522597464914,101766000
2019-01-25,37.431236267089844,37.519027508765205,36.615040923074886,36.89026785958372,134142000
2019-01-28,37.0848388671875,37.09195658871479,36.45845402993215,36.96383036040819,104768400
2019-01-29,36.70046615600586,37.51904038821024,36.565225817907695,37.07297716838964,166348800
2019-01-30,39.2083740234375,39.42191288765638,38.017292600660475,38.73383999592237,244439200
2019-01-31,39.490726470947266,40.09812951029959,39.04466327999454,39.412427913785926,162958400
2019-02-01,39.50968933105469,40.093363938630105,39.369699093915415,39.6140873572307,130672400
2019-02-04,40.631988525390625,40.7292688996633,39.690037903227726,39.72088378297478,125982000
2019-02-05,41.32716369628906,41.54070616529914,40.89296827882337,41.013973143644144,144406400
2019-02-06,41.34141159057617,41.65697719767212,41.011610539919296,41.43868832837846,112958400
2019-02-07,40.55842208862305,41.27022309791329,40.41606043860214,40.904829885716296,126966800
2019-02-08,40.6060791015625,40.665650250891964,40.131891443963546,40.26771540968325,95280000
2019-02-11,40.372562408447266,40.79671238747757,40.32967292104731,40.75858597472105,83973600
2019-02-12,40.7204475402832,40.746658986823185,40.43688833751438,40.532204341266045,89134000
2019-02-13,40.55127716064453,41.09933254456883,40.48932446490647,40.83960316682641,89960800
2019-02-14,40.699012756347656,40.80862164255103,40.36064904112932,40.43928339998026,87342800
2019-02-15,40.608463287353516,40.91346730094003,40.44881303304922,40.80623995233979,98507200
2019-02-19,40.729984283447266,40.85151175450796,40.38685751910222,40.43928042114127,75891200
2019-02-20,40.992095947265625,41.29948509114437,40.7442815842349,40.791937772979175,104457600
2019-02-21,40.76095199584961,41.073104155107245,40.57985705809458,40.937283860774336,68998800
2019-02-22,41.21608352661133,41.223231773038286,40.83721192224632,40.88486811040405,75652800
2019-02-25,41.516326904296875,41.90711352229098,41.449607503854075,41.499648872153486,87493600
2019-02-26,41.54015350341797,41.77128984933254,41.263742503117236,41.39241821936573,68280800
2019-02-27,41.6688232421875,41.69980140101289,41.158894387635335,41.273273603636405,111341600
2019-02-28,41.258968353271484,41.6783514880164,41.20416392486593,41.53776447622518,112861600
2019-03-01,41.69266128540039,41.73555077281449,41.19702882720667,41.52824431177665,103544800
2019-03-04,41.9023551940918,42.35509455351058,41.45437890957655,41.86422877925325,109744800
2019-03-05,41.82609939575195,41.93809345893184,41.59019631110894,41.92379696336586,78949600
2019-03-06,41.585426330566406,41.81656266632499,41.447220836488704,41.62116756354591,83241600
2019-03-07,41.10409927368164,41.566372044364236,40.98972366767753,41.4305480580372,99185600
2019-03-08,41.2017936706543,41.23992008169563,40.3892422605175,40.584637390153304,95997600
2019-03-11,42.62911605834961,42.68153896438816,41.78320858604554,41.81656828662146,128044000
2019-03-12,43.108070373535156,43.527449985065225,42.74111003200352,42.89123050226052,129870400
2019-03-13,43.29869079589844,43.67756238941142,43.11044394955633,43.42736286383217,124130000
2019-03-14,43.780033111572266,43.868200895214414,43.501240536772094,43.82054106149008,94318000
2019-03-15,44.349525451660156,44.63785139707803,43.7824106162076,44.04690664893718,156171600
2019-03-18,44.80226516723633,44.89042929325558,44.270887966592596,44.273273139252964,104879200
2019-03-19,44.44721603393555,45.033397616371296,44.30186231557087,44.88089565250784,126585600
2019-03-20,44.83562469482422,45.152543603093804,44.01830674487972,44.37573359295211,124140800
2019-03-21,46.48695755004883,46.78243186346625,45.22881472507092,45.27885610789949,204136800
2019-03-22,45.524269104003906,47.106478547794836,45.45993125023579,46.546508338197334,169630800
2019-03-25,44.973846435546875,45.74588637945124,44.46391742674594,45.6338923023652,175381200
2019-03-26,44.50918960571289,45.96034593421269,43.98258254839372,45.66963836098474,199202000
2019-03-27,44.90950393676758,45.21688950575341,44.451997889288634,44.97622334144566,119393600
2019-03-28,44.96907424926758,45.169232459544084,44.68551496674179,45.02387869438107,83121600
2019-03-29,45.26214599609375,45.29312414866339,44.92616393431561,45.233553015834644,94256000
2019-04-01,45.56955337524414,45.67439555693616,44.88805919660428,45.66486577166774,111448000
2019-04-02,46.23197555541992,46.33682135310815,45.52427005695858,45.5337998404147,91062800
2019-04-03,46.548892974853516,46.822918780518556,46.024664003423624,46.04849391519191,93087200
2019-04-04,46.629913330078125,46.791945110655476,46.02228688104425,46.41545501139502,76457200
2019-04-05,46.94205093383789,46.96588084046188,46.687084749507655,46.8109937192725,74106400
2019-04-08,47.68074417114258,47.71171869297622,46.7847918560636,46.803855058079535,103526800
2019-04-09,47.53777313232422,48.33602791999754,47.47343527844449,47.73316823079818,143072800
2019-04-10,47.804656982421875,47.833253607870596,47.22324195607037,47.342384260292086,86781200
2019-04-11,47.40671157836914,47.895195644215804,47.285187764028926,47.85945441527274,83603200
2019-04-12,47.38766098022461,47.690283464181285,46.753826657487316,47.4662953407457,111042800
2019-04-15,47.47343444824219,47.62117335589848,47.182726978383926,47.31855093020654,70146400
2019-04-16,47.47819519042969,47.983357258066256,47.313778274018354,47.52823654426802,102785600
2019-04-17,48.40274429321289,48.46231543377523,47.32569705378426,47.54729995142792,115627200
2019-04-18,48.57670593261719,48.64580687709247,48.25740539371004,48.40037399343183,96783200
2019-04-22,48.73634719848633,48.83404475360525,48.214503361460345,48.33126412020742,77758000
2019-04-23,49.43928146362305,49.503619315451935,48.58622226846949,48.71251279943443,93292000
2019-04-24,49.36304473876953,49.677578559143974,49.33683328407709,49.41070093750083,70162400
2019-04-25,48.91505432128906,49.50599901366292,48.87692791895943,49.28439611749792,74172800
2019-04-26,48.68154525756836,48.848343752952516,48.162082930875414,48.82451383821142,74596400
2019-04-29,48.755409240722656,49.079476422813116,48.576695801391914,48.705367877898986,88818800
2019-04-30,47.81655502319336,48.46707075603875,47.44483174728171,48.38605489045458,186139600
2019-05-01,50.163673400878906,51.30505499845377,49.85628424061624,50.01117140720834,259309200
2019-05-02,49.83722686767578,50.6712230384966,49.59417917290959,50.00164383738716,127985200
2019-05-03,50.456764221191406,50.4782089626399,50.0945706099009,50.25183931905875,83569600
2019-05-06,49.677574157714844,49.7633567622048,48.490917825549325,48.679161066436805,129772400
2019-05-07,48.338409423828125,49.42498651293276,47.85469202351123,49.05802986425357,155054800
2019-05-08,48.34793472290039,48.929349618462254,48.07390893920655,48.10965016805922,105358000
2019-05-09,47.828495025634766,48.057246252491176,46.86105993269764,47.75224219272583,139634400
2019-05-10,47.1658935546875,47.56536448730354,46.11101450339134,47.22330340337194,164834800
2019-05-13,44.42463302612305,45.32403198718554,43.738123877782556,44.90064671970861,229722400
2019-05-14,45.127891540527344,45.37666024246978,44.35048432829495,44.58968654744338,146118800
2019-05-15,45.66849899291992,45.86703732389194,44.49640927747329,44.55620984764786,106178800
2019-05-16,45.46754837036133,46.03924140385866,45.17093636911534,45.42688443993763,132125600
2019-05-17,45.209224700927734,45.663707510433305,44.673410353458074,44.714074297471804,131516400
2019-05-20,43.7955322265625,44.09692935038118,43.12337459318291,43.89839107594167,154449200
2019-05-21,44.635128021240234,44.97000961156489,44.18064169158754,44.30502784653766,113459200
2019-05-22,43.72136688232422,44.42223105089308,43.66635141207441,44.17106807376178,118994400
2019-05-23,42.97507095336914,43.185566421251686,42.53254539430105,43.00855911757338,146118800
2019-05-24,42.810028076171875,43.56829879019288,42.72630582654269,43.10424582926103,94858800
2019-05-28,42.63301467895508,43.197532117519515,42.55647185928589,42.79806481034798,111792800
2019-05-29,42.429683685302734,42.90091226999758,42.099583510254305,42.200047987456955,113924800
2019-05-30,42.64975357055664,42.87220986761559,42.25985281126963,42.56603133944261,84873600
2019-05-31,41.87713623046875,42.575606305283934,41.8579996140433,42.15460804379681,108174400
2019-06-03,41.453739166259766,42.558852087002684,40.72895684162504,42.003904918771,161584400
2019-06-04,42.97028350830078,43.01573251076257,41.74556939956014,41.96563498785348,123872000
2019-06-05,43.66396713256836,44.25001543111583,43.32908551905767,44.080180266448075,119093600
2019-06-06,44.305030822753906,44.364831371467275,43.57067833258456,43.793138271764924,90105200
2019-06-07,45.48430633544922,45.90769533953983,44.43660296337536,44.61361029225214,122737600
2019-06-10,46.065555572509766,46.73292803874346,45.83591987717714,45.88136887468619,104883600
2019-06-11,46.59898376464844,46.8836349896468,46.309551123217446,46.61094460560243,107731600
2019-06-12,46.45066833496094,46.876447890521234,46.25930587573561,46.393258502212745,73012800
2019-06-13,46.44111251831055,47.072606273434246,46.30955420885947,46.57267447769808,86698400
2019-06-14,46.10383224487305,46.30715192007323,45.520178306772145,45.81918104965697,75046000
2019-06-17,46.3789176940918,46.63486581817367,45.96748958898146,46.14210618535647,58676400
2019-06-18,47.46969223022461,47.909823554021955,46.694679170915634,46.89560821222261,106204000
2019-06-19,47.33094024658203,47.811739025879014,47.19698759262692,47.76389566380698,84496800
2019-06-20,47.711273193359375,47.98635426785553,47.369212143833636,47.9289444249456,86056000
2019-06-21,47.548614501953125,48.04376482331306,47.39791594328948,47.55339956808391,191202400
2019-06-24,47.50077438354492,47.87871430604713,47.402700603352024,47.491204251365325,72881600
2019-06-25,46.780784606933594,47.663437821269206,46.713804620677834,47.46489952077428,84281200
2019-06-26,47.792606353759766,48.07725759186515,47.20656161939147,47.30702611814578,104270000
2019-06-27,47.77825927734375,48.215999837860245,47.73759533236944,47.909817596404345,83598800
2019-06-28,47.34291458129883,47.72085461978885,47.13480976672624,47.52470699920637,124442400
2019-07-01,48.21120071411133,48.91445571612795,47.995916559447814,48.59870708259573,109012000
2019-07-02,48.493465423583984,48.5891485023053,48.165759547562075,48.177720388644275,67740800
2019-07-03,48.89532470703125,48.90250048134883,48.48389661312159,48.625025041282115,45448000
2019-07-05,48.85226058959961,49.05558390419779,48.53412124966637,48.6417651514746,69062000
2019-07-08,47.845237731933594,48.175334373362844,47.460121941985406,48.034205913986874,101354400
2019-07-09,48.137054443359375,48.20163641262728,47.555791170395594,47.64907988705199,82312000
2019-07-10,48.613059997558594,48.73266109242535,48.21359277869593,48.28296345768267,71588400
2019-07-11,48.25904846191406,48.890542184265826,48.24948197897164,48.63220334558516,80767200
2019-07-12,48.62981033325195,48.797251151333036,48.36668644059876,48.426486993480296,70380800
2019-07-15,49.08668518066406,49.244555859075206,48.797248912027776,48.81877623409258,67789600
2019-07-16,48.9168586730957,49.301974430162524,48.677656430195476,48.938385998971945,67467200
2019-07-17,48.64177322387695,49.057982753514956,48.62263660815599,48.80921404901501,56430000
2019-07-18,49.19432830810547,49.246953087288276,48.72549036173215,48.79725175606653,74162400
2019-07-19,48.45996856689453,49.39524996275497,48.40495308770733,49.22541480969587,83717200
2019-07-22,49.56748580932617,49.56987651762095,48.7039656231899,48.71353210630533,89111600
2019-07-23,49.95499801635742,49.971743926163036,49.58423379143074,49.86410364149058,73420800
2019-07-24,49.9143180847168,50.02913410826558,49.55551481743322,49.67511590652774,59966400
2019-07-25,49.51964569091797,50.050674922943,49.450275001634395,49.9669526841349,55638400
2019-07-26,49.691871643066406,50.1678817358878,49.54834884778114,49.62967672847252,70475600
2019-07-29,50.15592956542969,50.385565347597584,49.85932109046995,49.8641061577897,86693600
2019-07-30,49.94063949584961,50.27073972938734,49.589011938368884,49.93585442943909,135742800
2019-07-31,50.95964431762695,52.95219944273716,50.54343475015479,51.768149068134655,277125600
2019-08-01,49.85691452026367,52.153257179746014,49.452665854213244,51.16535089156151,216071600
2019-08-02,48.80203628540039,49.3785108420285,48.230343145055464,49.163230311330075,163448400
2019-08-05,46.247352600097656,47.51751570162563,46.065560241571106,47.359645023139706,209572000
2019-08-06,47.122825622558594,47.37877368628459,46.41478562144608,46.95777554780973,143299200
2019-08-07,47.61082077026367,47.735206979322264,46.362188211787306,46.74251896551608,133457600
2019-08-08,48.66090774536133,48.68482942826137,47.6945323451434,47.88828556685008,108038000
2019-08-09,48.25993347167969,48.68492749979475,47.85174165233491,48.33436732980815,98478800
2019-08-12,48.1374626159668,48.514438725738295,47.818114477569125,47.93096696496544,89927600
2019-08-13,50.17601013183594,50.93716177711402,48.13746584722147,48.267127875565244,188874000
2019-08-14,48.682518005371094,49.56852841372435,48.644099355992225,48.780964420477915,146189600
2019-08-15,48.44001007080078,49.256386268391125,47.94297838198592,48.85300141700887,108909600
2019-08-16,49.58293533325195,49.74140951677776,48.944239015747925,49.04988847143179,110481600
2019-08-19,50.507362365722656,51.078824190677665,50.43052506876509,50.57218971325113,97654400
2019-08-20,50.509761810302734,51.2276951856261,50.50015898015101,50.634620585098965,107537200
2019-08-21,51.057212829589844,51.29972366781528,50.80749895306689,51.141253161466004,86141600
2019-08-22,51.013999938964844,51.489418835377954,50.6034083940143,51.18927999555581,89014800
2019-08-23,48.65611267089844,50.91555897861763,48.26233061738834,50.28646541152127,187272000
2019-08-26,49.580528259277344,49.748605248722136,49.237167578736795,49.429257136875236,104174400
2019-08-27,49.02107238769531,50.07515974076012,48.86980125519638,49.90948253160488,103493200
2019-08-28,49.35002136230469,49.39564304574739,48.819378019890564,49.00666433648422,63755200
2019-08-29,50.185611724853516,50.26004923163214,49.621352927714746,50.06315640226348,83962000
2019-08-30,50.12078094482422,50.5313687808023,49.751007883111264,50.46173818969739,84573600
2019-09-03,49.390838623046875,49.69818045135938,49.03547532102372,49.56611865080238,80092000
2019-09-04,50.22883987426758,50.29847047880786,49.77983330506893,50.03675026808803,76752400
2019-09-05,51.21088790893555,51.3765651308316,50.7858902958723,50.90354603728645,95654800
2019-09-06,51.20608901977539,51.484618759601176,51.02600570478871,51.395778829958495,77449200
2019-09-09,51.424591064453125,51.96964425782235,50.680248893016675,51.58546505309072,109237600
2019-09-10,52.032073974609375,52.0512833020213,50.83392194570283,51.35015933860669,127111600
2019-09-11,53.68642807006836,53.71524388706847,52.27937718938957,52.36101772978543,177158400
2019-09-12,53.56637191772461,54.365942133767874,53.511147403478866,53.97696341496987,128906800
2019-09-13,52.5243034362793,53.01412847110816,52.10891225668283,52.824442313058036,159053200
2019-09-16,52.800418853759766,52.855647033642335,52.23855987155783,52.27937831072937,84632400
2019-09-17,52.99251937866211,53.02133520223491,52.61314339856129,52.81483950835231,73274800
2019-09-18,53.489540100097656,53.50874942392138,52.68996985697935,53.07894858894895,101360000
2019-09-19,53.05494689941406,53.72725500568296,52.913278574917605,53.3070606073627,88242400
2019-09-20,52.27936553955078,53.439102076717624,52.21693800026878,53.15577286328046,221652400
2019-09-23,52.51708984375,52.78601305088982,52.26016925822585,52.57231436011538,76662000
2019-09-24,52.26737594604492,53.42231327005474,52.149723866608696,53.07174949586762,124763200
2019-09-25,53.071739196777344,53.184591670853635,52.137707462518556,52.47626488474743,87613600
2019-09-26,52.79801559448242,53.050132915210256,52.54349848236231,52.82442795501207,75334000
2019-09-27,52.541107177734375,53.05494473156102,52.17133407059121,52.95409485593707,101408000
2019-09-30,53.77766799926758,53.924135874983264,53.01411301418795,53.04052537419581,103909600
2019-10-01,53.92654800415039,54.798152420020195,53.832904827025864,54.041803963537824,139223200
2019-10-02,52.5747184753418,53.68403038252034,52.3274007167669,53.55917160743665,138449200
2019-10-03,53.021331787109375,53.05494719260859,51.6550991210978,52.44746277412271,114426000
2019-10-04,54.50761413574219,54.62287009035569,53.75846874977578,54.178663133484626,138478800
2019-10-07,54.51961135864258,55.208728860944525,54.22667560102354,54.32992525189106,122306000
2019-10-08,53.88092041015625,54.75972776925968,53.8641145411307,54.221881339577685,111820000
2019-10-09,54.512413024902344,54.694896109411246,54.17865880193493,54.512413024902344,74770400
2019-10-10,55.24715042114258,55.331190753868945,54.577242206069194,54.72850967565127,113013600
2019-10-11,56.71664047241211,57.05999756214249,55.780205051339095,55.93387599775765,166795600
2019-10-14,56.634986877441406,57.17764014436274,56.346854377235516,56.40207888768913,96427600
2019-10-15,56.50293731689453,57.06239287164702,56.39728786256741,56.759854250095415,87360000
2019-10-16,56.27482986450195,56.48372898515924,55.99390035444989,56.03471879637498,73903200
2019-10-17,56.493324279785156,56.70221970877233,56.07073017522385,56.44770259671815,67585200
2019-10-18,56.76465606689453,57.04558556492881,56.255618132854494,56.327652182971896,97433600
2019-10-21,57.74911117553711,57.864367125177715,56.9831599524487,57.0311814328969,87247200
2019-10-22,57.61703872680664,58.15488503648586,57.535398200113306,57.90517120182096,82293600
2019-10-23,58.39019775390625,58.40460749311298,57.91958219298484,58.13088106904136,75828800
2019-10-24,58.48625946044922,58.77919528194411,58.06126180732885,58.70956101444865,69275200
2019-10-25,59.206581115722656,59.242596306464485,58.318170993988126,58.385401792575365,73477200
2019-10-28,59.799659729003906,59.84768120784419,59.24020052419486,59.408277532037836,96572800
2019-10-29,58.41661071777344,59.967729579429026,58.24373414734281,59.780443269642596,142839600
2019-10-30,58.4094123840332,58.89924097507983,57.917187665272955,58.76957895706002,124522000
2019-10-31,59.73002624511719,59.82847265948915,56.96874904224295,59.365060070154456,139162000
2019-11-01,61.42520523071289,61.45161392666581,59.82606489739292,59.91730459707598,151125200
2019-11-04,61.82859802246094,61.912638359081036,61.31956374708165,61.78777591806556,103272000
2019-11-05,61.73976516723633,61.994282334049466,61.5452757723623,61.720552176754836,79897600
2019-11-06,61.76615905761719,61.82618681516117,61.31715260360538,61.65330658033023,75864400
2019-11-07,62.47901153564453,62.70058009435856,62.16111169690049,62.3128369540104,94940400
2019-11-08,62.6500358581543,62.72228251352526,61.857696572744686,62.300826541440614,69986400
2019-11-11,63.14613723754883,63.211159215108815,62.20207280445758,62.206886797370636,81821200
2019-11-12,63.08833312988281,63.28822775645039,62.837873203264316,62.989591152239775,87388800
2019-11-13,63.69281768798828,63.76747499464725,62.873990636188424,62.888439963309075,102734400
2019-11-14,63.252113342285156,63.791574613561565,63.122062018099385,63.519433306302396,89182800
2019-11-15,64.00347900390625,64.00829299536413,63.34119137298703,63.50254460728658,100206400
2019-11-18,64.32620239257812,64.40567368628587,63.635016010866224,64.01311651070851,86703200
2019-11-19,64.13113403320312,64.54295455850364,63.914386775129536,64.51886989658281,76167200
2019-11-20,63.384552001953125,64.0805524112698,62.71262890433902,63.95050846949165,106234400
2019-11-21,63.10037612915039,63.58203998760828,62.900481512110325,63.50497200634929,121395200
2019-11-22,63.04499053955078,63.38215381547278,62.81860790794425,63.2400638402488,65325200
2019-11-25,64.15039825439453,64.16725825293672,63.22319387946589,63.26895253287637,84020400
2019-11-26,63.64945983886719,64.34064616087346,63.21836871431615,64.28766285310961,105207600
2019-11-27,64.50443267822266,64.53815268116317,63.89512810024147,63.9601500849875,65235600
2019-11-29,64.36234283447266,64.54296680875088,64.0372182108502,64.20580352668654,46617600
2019-12-02,63.618167877197266,64.60316965655018,63.44717925305146,64.36715170309243,94487200
2019-12-03,62.48384475708008,62.503108076906436,61.72281500581728,62.20929283970755,114430400
2019-12-04,63.03535842895508,63.41346639147771,62.780077124864164,62.87400512239632,67181600
2019-12-05,63.96013641357422,64.03480106846754,63.27377133913998,63.529052579721196,74424400
2019-12-06,65.19561004638672,65.26545336433453,64.3743722789269,64.4177276122505,106075600
2019-12-09,64.2828598022461,65.21728148518294,63.79878528754208,65.02461888758106,128042400
2019-12-10,64.65856170654297,65.04148360806178,64.02757585193183,64.68746036332061,90420400
2019-12-11,65.21006774902344,65.28954641231785,64.66338184077233,64.73803916107421,78756800
2019-12-12,65.3762435913086,65.64116022447391,64.3792030714425,64.48998371818132,137310400
2019-12-13,66.26490783691406,66.30103115854632,65.2485967405498,65.37623737672222,133587600
2019-12-16,67.39920806884766,67.623187308464,66.70561841103523,66.71043240289573,128186000
2019-12-17,67.53168487548828,67.85921278461262,67.14394163202556,67.32938692874545,114158400
2019-12-18,67.37030792236328,67.89050566637485,67.22099333233885,67.38475724722979,116028400
2019-12-19,67.43775939941406,67.71712534090744,67.1800748008847,67.31252943237541,98369200
2019-12-20,67.29805755615234,68.07112579194977,67.08612433708637,67.96998052350803,275978000
2019-12-23,68.3962631225586,68.45647110065944,67.52204210459728,67.56057609253462,98572000
2019-12-24,68.46129608154297,68.61061806486987,68.13617882730028,68.562448734815,48478800
2019-12-26,69.81959533691406,69.83645533824492,68.5648628664668,68.59376152611499,93121200
2019-12-27,69.79310607910156,70.7973786870116,69.38851010956454,70.11100606214161,146266000
2019-12-30,70.20732879638672,70.48910541724575,68.69009042144484,69.7112155576161,144114400
2019-12-31,70.72029876708984,70.72752343141342,69.72566166410049,69.82440364292783,100805600
2020-01-02,72.33390808105469,72.39411609388233,71.09121381433879,71.34408452837052,135480400
2020-01-03,71.6306381225586,72.38925722098051,71.40666619485818,71.56320547713457,146322800
2020-01-06,72.20140838623047,72.23994237629597,70.50354624985978,70.75401351048198,118387200
2020-01-07,71.86184692382812,72.46633010238772,71.64268897397623,72.21104883104543,108872000
2020-01-08,73.01783752441406,73.31887745373415,71.56562119935828,71.56562119935828,132079200
2020-01-09,74.56880950927734,74.76147215954668,73.74275755557424,73.9932175310026,170108400
2020-01-10,74.73736572265625,75.30091887725054,74.23643856809193,74.80239504412852,140644800
2020-01-13,76.33409118652344,76.36058652225458,74.93485817482635,75.05287082554342,121532000
2020-01-14,75.30331420898438,76.48098568839895,75.18049494182533,76.2714631183451,161954400
2020-01-15,74.98059844970703,75.98245997667709,74.54950731619692,75.10342506334987,121923600
2020-01-16,75.91984558105469,76.03063354644571,75.16122656820497,75.52247441714353,108829200
2020-01-17,76.7603759765625,76.76277929851412,75.86207008807327,76.16792404225187,137816400
2020-01-21,76.24017333984375,76.8302072165908,76.10289736234121,76.38948797518701,110843200
2020-01-22,76.51231384277344,77.06381371935198,76.41838585398544,76.72423978617735,101832400
2020-01-23,76.88077545166016,76.96024675038308,76.01859307367198,76.56528622859716,104472000
2020-01-24,76.65921020507812,77.86818383448923,76.46895092458591,77.12642473209515,146537600
2020-01-27,74.405029296875,75.08416976822737,73.42484155700832,74.67234921705278,161940000
2020-01-28,76.50989532470703,76.68088393464757,75.18531972883665,75.28406170066347,162234000
2020-01-29,78.11143493652344,78.95675744540253,77.39857441186852,78.13793027321145,216229200
2020-01-30,77.99822235107422,78.0512056603916,76.7651642610764,77.19625539826748,126743200
2020-01-31,74.5398941040039,77.71164655303768,74.24607885109228,77.29019066933044,199588400
2020-02-03,74.335205078125,75.49842038984059,72.78424642943136,73.28517374937778,173788400
2020-02-04,76.78927612304688,76.97953543976107,75.53213292898627,75.9367288800473,136616400
2020-02-05,77.4154281616211,78.21258127557842,76.81334832632962,77.91394467954083,118826800
2020-02-06,78.32096862792969,78.32337929968051,77.12885469909907,77.68517600247516,105425600
2020-02-07,77.2563705444336,78.06989925267796,76.76632167871378,77.82125391424971,117684000
2020-02-10,77.62330627441406,77.62330627441406,75.76450341427329,75.84416334192943,109348800
2020-02-11,77.15498352050781,78.19060679185898,76.93772180330761,78.11818867514276,94323200
2020-02-12,78.98722076416016,78.99204618157108,77.60397618630914,77.60397618630914,113730400
2020-02-13,78.42476654052734,78.75066279160559,78.0578358133656,78.26061390209061,94747600
2020-02-14,78.44405364990234,78.69269890753361,77.93710493391231,78.39335362136931,80113600
2020-02-18,77.00773620605469,77.18878887738555,75.94797103367979,76.12902370501065,152531200
2020-02-19,78.12300872802734,78.35234502696264,77.24912913343354,77.24912913343354,93984000
2020-02-20,77.3215560913086,78.37166303401608,76.81702354297988,77.88403050271104,100566000
2020-02-21,75.57137298583984,77.35776502195542,74.95579692410486,76.91599243144344,129554000
2020-02-24,71.98168182373047,73.43010258149737,69.82112528029087,71.75959476642028,222195200
2020-02-25,69.54353332519531,73.0318176639516,69.07280081018256,72.65040328612861,230673600
2020-02-26,70.64672088623047,71.90926363042658,69.16209108503992,69.1693328941365,198054800
2020-02-27,66.02867889404297,69.04139705399142,65.8934935311334,67.85852144500781,320605600
2020-02-28,65.99006652832031,67.20915879544067,61.88862284247871,62.10347552395671,426510000
2020-03-02,72.13378143310547,72.76867383608672,67.04258234775999,68.14338175177791,341397200
2020-03-03,69.84286499023438,73.3866667341741,68.99311992366323,73.30700681770827,319475600
2020-03-04,73.08250427246094,73.2418314905751,70.76261982320094,71.56166493954149,219178400
2020-03-05,70.7119140625,72.31241302487865,70.34739243241086,71.33955724756618,187572800
2020-03-06,69.77284240722656,70.20495666747604,67.88989834828591,68.07577636210152,226176800
2020-03-09,64.25438690185547,67.13191312620091,63.48913439783881,63.67018706247143,286744800
2020-03-10,68.88207244873047,69.14761776690831,65.02685833500999,66.9025682079639,285290000
2020-03-11,66.48977661132812,67.8875051992336,65.62796418784407,66.96293286366341,255598800
2020-03-12,59.92359924316406,65.17895530003963,59.868077460777144,61.78482214303871,418474000
2020-03-13,67.10294342041016,67.5736832780311,61.06302571813862,63.94538830639056,370732000
2020-03-16,58.47035217285156,62.54282496971143,57.9368487366503,58.40758489593045,322423600
2020-03-17,61.041290283203125,62.1879532458274,57.55059398806874,59.74978006097213,324056000
2020-03-18,59.54700469970703,60.350878847985236,57.24160039100893,57.88132191691277,300233600
2020-03-19,59.09075927734375,61.036471254980725,58.56691402825116,59.720822675289355,271857200
2020-03-20,55.33933639526367,60.7926402539027,55.03999474688709,59.67011183513416,401693200
2020-03-23,54.16371154785156,55.160709355187784,51.324807219579434,55.05932030955582,336752800
2020-03-24,59.59769821166992,59.79323446043245,56.56084169108887,57.05813231967632,287531200
2020-03-25,59.26939010620117,62.34245572079971,58.974877532799404,60.53192941719469,303602000
2020-03-26,62.38831329345703,62.44624776872447,59.47215893769996,59.51078437689467,252087200
2020-03-27,59.8053092956543,61.76791740598874,59.638740277699725,61.014739603264104,204216800
2020-03-30,61.51202392578125,61.683422027854625,60.206030134757754,60.529513617295876,167976400
2020-03-31,61.38649368286133,63.366001623216455,60.83368129501873,61.702735358357586,197002000
2020-04-01,58.15651321411133,60.04187380235648,57.726815314664734,59.505957782413006,176218400
2020-04-02,59.1269645690918,59.18007364013517,57.1884945265853,58.018923255417455,165934000
2020-04-03,58.277225494384766,59.31284498948773,57.68820030765842,58.61277624472143,129880000
2020-04-06,63.361183166503906,63.51567759082076,60.20121192500367,60.568142628925735,201820400
2020-04-07,62.62729263305664,65.58931755496788,62.52349092201131,65.37204856546121,202887200
2020-04-08,64.23021697998047,64.54403851459621,63.06182517929843,63.42633937506472,168895200
2020-04-09,64.69371032714844,65.19583364514321,63.899498254908295,64.86511208653789,161834800
2020-04-13,65.96350860595703,66.07214313145124,64.17229133387406,64.77097468626023,131022800
2020-04-14,69.29487609863281,69.58456326372355,67.12224446160415,67.59298426311395,194994800
2020-04-15,68.66238403320312,69.12104913161228,67.74505383638481,68.17233530641538,131154400
2020-04-16,69.20797729492188,69.57249897577765,68.16028687860133,69.37454631683273,157125200
2020-04-17,68.2688980102539,69.27072829912615,66.83496081662895,68.72515410233876,215250000
2020-04-20,66.85186767578125,67.99853426971617,66.83255863780644,67.09810395402242,130015200
2020-04-21,64.78544616699219,66.92911009651182,64.07571939662287,66.69494844279068,180991600
2020-04-22,66.65150451660156,67.08602784822331,65.71003238672124,66.05040482183006,116862400
2020-04-23,66.39322662353516,68.01545898341168,66.35460116650802,66.59600474763815,124814400
2020-04-24,68.3099594116211,68.3196176159111,66.8687799957314,66.91706365013007,126161200
2020-04-27,68.35821533203125,68.68893686603447,67.58089596071159,68.02748643097968,117087600
2020-04-28,67.25016784667969,69.0003428067964,67.15844072674598,68.81929022471536,112004800
2020-04-29,69.45905303955078,69.92737656274731,68.53206419889801,68.73484231712963,137280800
2020-04-30,70.9243392944336,71.10056648651737,69.60869475205328,69.99735081766806,183064000
2020-05-01,69.7824935913086,72.17962796257615,69.00517422626046,69.10173412805158,240616800
2020-05-04,70.76985168457031,70.89779524622708,69.11865261133845,69.80665406694762,133568000
2020-05-05,71.83203125,72.66245995311394,71.0836788601292,71.2285224464027,147751200
2020-05-06,72.57315063476562,73.20321036598678,72.14827802802382,72.53210878963873,142333600
2020-05-07,73.32391357421875,73.66912625746833,72.89663193321505,73.19838637752463,115215200
2020-05-08,75.06913757324219,75.12239040799929,73.65552559886389,73.98230402182824,133838400
2020-05-11,76.25038146972656,76.74417245398942,74.36959376483475,74.57776663572473,145946400
2020-05-12,75.37895965576172,77.38319101183461,75.25793117438776,76.93296121988755,162301200
2020-05-13,74.46883392333984,76.47791143801962,73.39410026175051,75.55809041384309,200622400
2020-05-14,74.92633056640625,74.98684482021679,72.98745151047878,73.7087840752181,158929200
2020-05-15,74.48334503173828,74.52933644505968,72.66791783323735,72.70180935336562,166348400
2020-05-18,76.23825073242188,76.61102048338427,75.11511038710799,75.80497413426188,135178400
2020-05-19,75.79773712158203,77.0999976554672,75.76626852775506,76.25522103808397,101729600
2020-05-20,77.27183532714844,77.34202651721908,76.61585573751951,76.6545857322091,111504800
2020-05-21,76.69575500488281,77.67366726497515,76.4585365069764,77.13387754437865,102688800
2020-05-22,77.18952941894531,77.27182787960697,76.33264591312964,76.43430567577444,81803200
2020-05-26,76.66670989990234,78.48455279572174,76.61103413521022,78.30543299444078,125522000
2020-05-27,77.00074768066406,77.14598335609439,75.78562421645006,76.52390248864035,112945200
2020-05-28,77.03463745117188,78.29091382648822,76.4004493161322,76.67639044487011,133560800
2020-05-29,76.95960998535156,77.736610955793,76.60378586836536,77.2767040924692,153532400
2020-06-01,77.90604400634766,78.02707250180976,76.78289602270274,76.91360886615988,80791200
2020-06-02,78.2667236328125,78.29093081458433,77.19925118352937,77.63979677599443,87642800
2020-06-03,78.69757080078125,78.9589964979716,78.0149682866651,78.58622664893751,104491200
2020-06-04,78.01981353759766,78.81859867793425,77.64704369151033,78.52087329742372,87560400
2020-06-05,80.24190521240234,80.30241946972693,78.24009623942295,78.26914190101967,137250400
2020-06-08,80.71630859375,80.75020011255444,79.2300827598663,79.93930785149966,95654400
2020-06-09,83.26517486572266,83.65730597576551,80.36533708864444,80.3968056767083,147712400
2020-06-10,85.40737915039062,85.87454732273147,83.77349462695621,84.21161714524366,166651600
2020-06-11,81.30693054199219,84.97651490391192,81.20527075656385,84.55291522831224,201662400
2020-06-12,82.00891876220703,84.18743203095863,80.90030081571983,83.44189962926336,200146000
2020-06-15,83.02311706542969,83.6742509001126,80.50330314287096,80.6654845616587,138808800
2020-06-16,85.22341918945312,85.49452921505798,83.44188334314991,85.07334504214955,165428800
2020-06-17,85.10482788085938,86.02706454807957,84.98379936928724,85.96655029229349,114406400
2020-06-18,85.1386947631836,85.55503301794639,84.53112944713651,85.06123476532262,96820400
2020-06-19,84.65218353271484,86.3078527061597,83.54598114965047,85.84310735238266,264476000
2020-06-22,86.86698150634766,87.00979422869749,84.99830144840965,85.04429286253834,135445200
2020-06-23,88.72116088867188,90.1371959593026,87.68999560053155,88.10875691220691,212155600
2020-06-24,87.15504455566406,89.26820486684538,86.78227469992099,88.35080675031271,192623200
2020-06-25,88.31204986572266,88.35077986114183,86.55229863575047,87.30993801209478,137522400
2020-06-26,85.5986099243164,88.42825657527817,85.45095132716905,88.20798383985682,205256800
2020-06-29,87.57136535644531,87.66577111516035,85.02976731524565,85.50661981464565,130646000
2020-06-30,88.30238342285156,88.58801627360432,87.14051287267962,87.15987418081895,140223200
2020-07-01,88.1353759765625,88.92206127344404,88.08696900587378,88.37985592496987,110737200
2020-07-02,88.1353759765625,89.67486242954287,88.02161627129679,89.04067423366814,114041600
2020-07-06,90.49302673339844,90.96019505211815,89.52963704580998,89.56110564322539,118655600
2020-07-07,90.21221923828125,91.6476154008952,90.10087509241899,90.87061453958542,112424400
2020-07-08,92.31326293945312,92.34473152661032,91.10055518911935,91.18769953716944,117092000
2020-07-09,92.71025085449219,93.25729463316677,91.66456287634601,93.20404179945581,125642800
2020-07-10,92.87240600585938,92.93050469526396,91.69601281004776,92.30599364635842,90257200
2020-07-13,92.44397735595703,96.77921853086478,92.23096604261153,94.17468319640058,191649200
2020-07-14,93.97378540039062,94.16500509879575,90.89482027358295,91.82673375082925,170989200
2020-07-15,94.62007141113281,96.09419752364778,93.42430934647335,95.84487913129125,153198000
2020-07-16,93.4557876586914,94.31024858615012,92.85790656415841,93.49451766571708,110577600
2020-07-17,93.26700592041016,94.06095278788301,92.7949916949542,93.90604010952005,92186800
2020-07-20,95.23247528076172,95.37044953138843,93.01039399095433,93.35411815070974,90318000
2020-07-21,93.9181137084961,96.09662665534265,93.66879530005893,96.02158957813295,103433200
2020-07-22,94.18196105957031,94.86214066616996,93.53325004616464,93.62038702393836,89001600
2020-07-23,89.8951187133789,93.99314144318696,89.08664931990235,93.91568143989768,197004400
2020-07-24,89.67242431640625,90.01614846898383,86.31267234298356,88.09663844239333,185438800
2020-07-27,91.79768371582031,91.88966654711753,90.50994623863684,90.7326345162056,121214000
2020-07-28,90.28968048095703,91.54595685387366,90.28483461346657,91.36925259131361,103625600
2020-07-29,92.02037048339844,92.20433612820618,90.73504867705178,90.77135574195019,90329200
2020-07-30,93.13385009765625,93.23793283077006,90.7883172670131,91.1949712384762,158130000
2020-07-31,102.88390350341797,103.03397765297315,97.62157959922047,99.61613418906329,374336800
2020-08-03,105.47633361816406,108.09054616095987,104.4645371706777,104.76226254133908,308151200
2020-08-04,106.18072509765625,107.26998160372126,104.9438099795325,105.66514250286653,173071600
2020-08-05,106.56560516357422,106.88512220917495,105.43761854161589,105.90237127948915,121776800
2020-08-06,110.2835693359375,110.77736760867772,106.30899814130089,106.89719478834881,202428800
2020-08-07,107.77619171142578,110.26174899503663,106.98081367668276,109.80586023116359,198045600
2020-08-10,109.34269714355469,110.35874505613272,106.69709332777636,109.21902314455248,212403600
2020-08-11,106.09087371826172,109.10506522291367,105.83140397675015,108.60795666047292,187902400
2020-08-12,109.61672973632812,109.87377217439806,106.98567459916234,107.17966637873178,165598000
2020-08-13,111.55667114257812,112.55817011651827,110.50667052619417,110.99408465160128,210082000
2020-08-14,111.45724487304688,111.54696624880587,109.65066604650143,111.3820725095563,165565200
2020-08-17,111.16624450683594,112.60180865121056,110.54061480830164,112.57755783182,119561600
2020-08-18,112.09259033203125,112.51695384329368,110.58428087027461,110.91892299463439,105633600
2020-08-19,112.23322296142578,113.64453639963617,112.13865437861999,112.49996719549999,145538000
2020-08-20,114.72361755371094,114.83758973633215,112.25745666606086,112.27443297843882,126907200
2020-08-21,120.6356201171875,121.11817961837231,115.6693525872738,115.6814742972318,338054800
2020-08-24,122.07845306396484,124.91805616382935,120.21610549023623,124.83317459173283,345937600
2020-08-25,121.07697296142578,121.42131690614454,119.35769534098384,120.95330633788029,211495600
2020-08-26,122.7234878540039,123.17937664467517,121.32672345710665,122.39127306939878,163022400
2020-08-27,121.25640106201172,123.65708422717836,120.11425182681509,123.32486945527224,155552400
2020-08-28,121.05998992919922,122.64589153107447,120.83689273182479,122.22880256231407,187630000
2020-08-31,125.1654052734375,127.06656032182518,122.2166916072517,123.7492518971319,225702700
2020-09-01,130.15106201171875,130.75245576113278,126.61066398001222,128.7737011544299,151948100
2020-09-02,127.45451354980469,133.8369410345014,123.1866360174791,133.45865195686625,200119000
2020-09-03,117.25041198730469,124.97140134269283,116.8818246649217,123.09935930505591,257599600
2020-09-04,117.32801055908203,119.98573625952378,107.56037630423063,116.46473461185484,332607200
2020-09-08,109.43243408203125,115.41717011939836,109.2966383541402,110.52850171438395,231366600
2020-09-09,113.79730987548828,115.56266164657546,111.79916649731042,113.73911382379356,176940500
2020-09-10,110.08231353759766,116.8818312711873,109.12204164322466,116.74603554472291,182274400
2020-09-11,108.63703155517578,111.77004920348398,106.69708456311906,111.12986314395623,180860300
2020-09-14,111.89616394042969,112.44904864015743,109.41303369608222,111.27538137934282,140150100
2020-09-15,112.07074737548828,115.26196131479541,110.19869808587379,114.77697452888815,184642000
2020-09-16,108.76314544677734,112.51694623083202,108.6758513682307,111.77006975767836,154679000
2020-09-17,107.02690124511719,108.83105303274593,105.44584667867372,106.42552224944927,178011000
2020-09-18,103.63199615478516,107.55069115379253,102.90451581240214,107.08510787884254,287104900
2020-09-21,106.77469635009766,106.88139403880808,100.00427732246104,101.4010416835348,195713800
2020-09-22,108.45275115966797,109.47122644967507,105.8823269140235,109.29663089711133,183055400
2020-09-23,103.90359497070312,108.74376210707231,103.56409822420848,108.26847702241763,150718700
2020-09-24,104.97055053710938,106.93959588038079,101.84723417179123,102.01212791770884,167743300
2020-09-25,108.90863800048828,109.0638373334494,104.43705897382922,105.17424100477153,149981400
2020-09-28,111.5081787109375,111.85736984450415,109.39363569114487,111.55668035738763,137672400
2020-09-29,110.66429901123047,111.84766814275456,110.1599159291002,111.11049343812664,99382200
2020-09-30,112.3326416015625,113.73910777869786,110.2084044241761,110.37329816208843,142675200
2020-10-01,113.28323364257812,114.18530951408272,112.35205974301084,114.1077098390407,116120400
2020-10-02,109.62641143798828,111.90585528542881,108.85043700934379,109.50031753591523,144712000
2020-10-05,113.0019302368164,113.14742776439395,110.14051092914185,110.4897020352033,106243800
2020-10-06,109.76222229003906,112.63334341918222,108.87954271233731,112.22594886007512,161498200
2020-10-07,111.62458038330078,112.08046922763401,110.70310088509402,111.17839334850785,96849000
2020-10-08,111.51785278320312,112.90491516312255,111.1492581226096,112.75941766027303,83477200
2020-10-09,113.45782470703125,113.48692273393875,111.46937566481606,111.81856678833006,100506900
2020-10-12,120.66471862792969,121.42129686008033,115.69845107798898,116.45502931013961,240226800
2020-10-13,117.46379852294922,121.62498605023444,116.05733979847938,121.50858655705257,262330500
2020-10-14,117.55110168457031,119.33584953717633,116.02824344500344,117.36680433445795,150712000
2020-10-15,117.08551788330078,117.56080289760202,114.60238771843201,115.15527240046332,112559200
2020-10-16,115.44628143310547,117.90032142742069,115.24258781782645,117.63842435040979,115393800
2020-10-19,112.49755859375,116.8042370043639,112.18716729027952,116.35804996814461,120639300
2020-10-20,113.98159790039062,115.40746025257594,112.15804282671203,112.71092747344602,124423700
2020-10-21,113.3608169555664,115.14556482205545,112.95342242055368,113.16681779596242,89946000
2020-10-22,112.27444458007812,114.49568501963495,111.14927164811971,113.92339674553574,101988000
2020-10-23,111.58576965332031,113.05043193781697,110.84858760677534,112.89523260157101,82572600
2020-10-26,111.59546661376953,113.05042702646372,109.49061825916863,110.58669317293085,111850700
2020-10-27,113.09893035888672,113.75851276167866,111.10078693291935,112.02225897491293,92276800
2020-10-28,107.8610610961914,111.96405267029793,107.76406521649079,111.59546536731106,143937800
2020-10-29,111.85734558105469,113.41900353400632,108.83102554669962,108.99592666867332,146129200
2020-10-30,105.59133911132812,108.6273541724171,104.4855696692542,107.72527832227131,190272600
2020-11-02,105.50403594970703,107.356689266343,104.09757704674024,105.83383085542181,122866900
2020-11-03,107.1238784790039,108.14234624016166,105.46522463913784,106.36730031348367,107624400
2020-11-04,111.49846649169922,112.11924902667879,108.97653651830575,110.71279021468385,138235500
2020-11-05,115.45596313476562,116.02825144019144,113.36082388514865,114.40838980980128,126387100
2020-11-06,115.3248062133789,115.82034093796346,112.83738439067113,114.96529408792372,114457900
2020-11-09,113.02198791503906,118.53122507296646,112.7596464655049,117.08347300114552,154515300
2020-11-10,112.68193817138672,114.25600204748748,110.89410329086316,112.27384808595916,138023400
2020-11-11,116.10209655761719,116.23812654293447,113.13857769111563,113.86731293234887,112295000
2020-11-12,115.83004760742188,117.1126214574974,115.20819406878398,116.22842646880996,103162300
2020-11-13,115.87862396240234,116.27699537989376,114.52803521767761,116.05352071993178,81581900
2020-11-16,116.88915252685547,117.55958400464418,114.80010971790968,115.54827474511946,91183000
2020-11-17,116.00496673583984,117.24867405281236,115.58715811406812,116.16043385700159,74271000
2020-11-18,114.68350982666016,116.42275908285534,114.65436159878705,115.24706694247119,76322100
2020-11-19,115.27622985839844,115.68431992677777,113.49811360078527,114.25599727436983,74113000
2020-11-20,114.0130615234375,115.40251710432108,113.96448361868471,115.27620565626937,73604300
2020-11-23,110.62200927734375,114.28512261237464,110.52484606012634,113.85759556092404,127959300
2020-11-24,111.90460205078125,112.56532241854126,109.39775058959653,110.68033196208322,113874200
2020-11-25,112.74021911621094,113.43980625953591,111.90460196313715,112.27383262938065,76499200
2020-11-27,113.2843246459961,114.15880846315034,112.92481998616722,113.26489496698315,46691300
2020-11-30,115.67457580566406,117.54013622605181,113.49808123546687,113.65354831037159,169410200
2020-12-01,119.24052429199219,119.96925956195165,116.60736173944143,117.57900876605405,127728200
2020-12-02,119.59033203125,119.87211059203429,117.46242241782213,118.56038101970898,89004200
2020-12-03,119.45429229736328,120.27047227200518,118.74498667961886,120.0178419599632,78967600
2020-12-04,118.78385162353516,119.37655691588907,118.07454601670749,119.12392660773527,78260400
2020-12-07,120.24134826660156,121.03809872222877,118.78387737852155,118.84217384185906,86712000
2020-12-08,120.85346221923828,121.43645640289948,119.6000365852931,120.84375108576852,82225500
2020-12-09,118.32718658447266,122.37895334699282,117.56930300737729,120.99921619827668,115089200
2020-12-10,119.74577331542969,120.35791566525569,116.74338766599487,117.08346263085474,81312200
2020-12-11,118.93933868408203,119.27941372539408,117.13207427816091,118.95876836655133,86939800
2020-12-14,118.32718658447266,119.85267228564851,118.09399334838469,119.12393693642923,79184500
2020-12-15,124.25421905517578,124.27365614702585,120.610542706532,120.81458769248664,157243700
2020-12-16,124.18621063232422,124.73033062366706,122.9716517851633,123.79755773169585,98208600
2020-12-17,125.05095672607422,125.90601076747856,124.40966619502098,125.2452831465328,94359800
2020-12-18,123.06884002685547,125.43966160781517,122.5441496402621,125.30363159052206,192541500
2020-12-21,124.59430694580078,124.672040495101,119.94983486476208,121.47532055765235,121251600
2020-12-22,128.14080810546875,130.599073771845,125.9740246713456,127.8784592702847,168904800
2020-12-23,127.24690246582031,128.6752099698852,127.07199828959047,128.4128759447762,88223700
2020-12-24,128.22825622558594,129.67601559807733,127.38292807699283,127.59669160383469,54930100
2020-12-28,132.81442260742188,133.44598718799116,129.7245776284665,130.19097883452193,124486200
2020-12-29,131.04603576660156,134.85489050709643,130.53106400488656,134.13588116304936,121047300
2020-12-30,129.92868041992188,132.13432398091498,129.6177461619134,131.73594502265215,96452100
2020-12-31,128.92787170410156,130.91975146585497,127.9853727167279,130.27846074381847,99116600
2021-01-04,125.74085235595703,129.82176713240116,123.16598610776015,129.7343224533574,143301900
2021-01-05,127.29550170898438,128.0048148809108,124.78865000861988,125.23561427002338,97664900
2021-01-06,123.0105209350586,127.33435496235823,122.7967573877346,124.0987683518539,155088000
2021-01-07,127.20801544189453,127.89789129191489,124.23477818150717,124.72060165088172,109578200
2021-01-08,128.3060302734375,128.8695874924766,126.5376250523671,128.67524616951312,105158200
2021-01-11,125.32303619384766,126.47929859092635,124.85664974689551,125.527088604103,100384500
2021-01-12,125.14813995361328,126.0129052139805,123.26314235039197,124.85664288048969,91951100
2021-01-13,127.17887878417969,127.72299874717103,124.84693184960055,125.1092658720847,88636800
2021-01-14,125.25499725341797,127.28573558345721,125.10924133224826,127.09140918138505,90221800
2021-01-15,123.53520202636719,126.52787663913662,123.39917203606663,125.1287025525268,111598500
2021-01-19,124.20562744140625,125.0606814745407,123.34086227649722,124.15704213022262,90757300
2021-01-20,128.2865447998047,128.7335089174472,124.90521758681017,125.01209934367105,104319500
2021-01-21,132.98936462402344,135.70998009916667,129.80236258422073,130.00641504597513,120150900
2021-01-22,135.126953125,135.88483658611096,131.19177987621222,132.41604973812463,114459400
2021-01-25,138.86781311035156,140.97628571065687,132.6686993609781,139.0135690829673,157611700
2021-01-26,139.10101318359375,140.20869037046396,137.3617564370404,139.52854031294,98390600
2021-01-27,138.0321807861328,140.20867556656404,136.4289690465183,139.36333253146313,140843800
2021-01-28,133.2030792236328,137.96415826033868,132.8241374993332,135.564189064389,142621100
2021-01-29,128.21852111816406,132.8629917399109,126.51813918014763,131.97878957386544,177523800
2021-02-01,130.33673095703125,131.54157860190338,127.21773749244758,129.9577892114423,106239800
2021-02-02,131.1626434326172,132.4452098565485,130.79341280132044,131.8816527763116,83305400
2021-02-03,130.1424102783203,131.92052618668296,129.82176496768204,131.9108002272906,89880900
2021-02-04,133.4945526123047,133.50426374284237,130.77393862025266,132.4354611637118,84183100
2021-02-05,133.08102416992188,133.7232731231055,132.20524094162676,133.65516390896917,75693800
2021-02-08,133.2269744873047,133.2756324021585,131.29050232328603,132.3706427004726,71297200
2021-02-09,132.35118103027344,134.1708861386868,132.19549648512387,132.94477197557092,76774200
2021-02-10,131.74786376953125,133.3048279995829,130.7844904817518,132.80853804149436,73046600
2021-02-11,131.494873046875,132.72097244544923,130.17145780866096,132.24414858851415,64280000
2021-02-12,131.7284393310547,131.88413877300763,130.09363973549668,130.73588879731562,60145100
2021-02-16,129.60704040527344,132.35117148769072,129.21779194968602,131.84517076789257,80576300
2021-02-17,127.32027435302734,128.6631557746567,125.98713342468182,127.71924852152779,97918500
2021-02-18,126.22069549560547,126.50288771185818,123.98256451257895,125.72440543319924,96856700
2021-02-19,126.3763656616211,127.19378012757379,125.33515742569439,126.73642239782728,87668800
2021-02-22,122.61048126220703,126.23041094448011,122.22124015432108,124.56640502266376,103916400
2021-02-23,122.47423553466797,123.30136816472337,115.20518512538801,120.43072920624994,158273000
2021-02-24,121.97795104980469,122.18230093698557,118.94188709836797,121.57898434363891,111039900
2021-02-25,117.7352523803711,123.05810538980377,117.29736077604736,121.32599026278942,148199500
2021-02-26,117.99798583984375,121.49140765726709,117.93959485190196,119.29220185674814,164560400
2021-03-01,124.3523178100586,124.4885510714253,119.48682297794498,120.42099709481208,116307900
2021-03-02,121.754150390625,125.25730532990295,121.64710890595583,124.95564701355688,102260900
2021-03-03,118.77647399902344,122.32828720569532,118.56239100874602,121.45249652917722,112966300
2021-03-04,116.89837646484375,120.2750310748952,115.42900236715201,118.47479946720621,178155000
2021-03-05,118.15367126464844,118.65968686991202,114.40724183835442,117.7255127803743,153766600
2021-03-08,113.22980499267578,117.74498394850409,113.08383865170997,117.67686731260757,154376600
2021-03-09,117.8325424194336,118.7764495417566,115.59441940046939,115.82796105806665,129525800
2021-03-10,116.75243377685547,118.88351576641335,116.23668501538924,118.41643235397203,111943300
2021-03-11,118.67916870117188,119.89554261056912,117.99800228157227,119.24356797692991,103026500
2021-03-12,117.774169921875,117.91040318694742,115.95447955662657,117.16112022904915,88105100
2021-03-15,120.65454864501953,120.6642817142442,117.18058534747087,118.14395874848536,92403800
2021-03-16,122.19203186035156,123.7976465733389,121.36489925795071,122.31853204805573,115227900
2021-03-17,121.40382385253906,122.47423118424491,119.04891881379946,120.71292450730932,111932600
2021-03-18,117.28762817382812,119.86634216018179,117.08327826271949,119.57440947336566,121229700
2021-03-19,116.76216888427734,118.16343408346621,116.46051051329101,116.67459352140682,185549500
2021-03-22,120.07068634033203,120.53777713211232,117.02488910943605,117.09300574322106,111912300
2021-03-23,119.2435531616211,120.89781850320577,118.85431207414345,120.01230226774646,95467100
2021-03-24,116.85945129394531,119.59386443754735,116.83999258124882,119.51601473844956,88530500
2021-03-25,117.34599304199219,118.38721599444037,115.79876935123002,116.32424364926871,98844700
2021-03-26,117.94933319091797,118.21207408800578,115.72093550893463,117.11246742653448,94071200
2021-03-29,118.12448120117188,119.28247132989765,117.48223975334861,118.37748900748083,80819200
2021-03-30,116.67457580566406,117.16112532326552,115.66255191815422,116.8789257121579,85671900
2021-03-31,118.86406707763672,120.19720821125276,117.89096789144921,118.37751748454296,118323800
2021-04-01,119.6911849975586,120.8394421912494,119.19490239563412,120.33343394406754,75089100
2021-04-05,122.51318359375,122.76619144970482,119.75931123714496,120.53779352124103,88651200
2021-04-06,122.8148193359375,123.71006860087718,122.26988629191437,123.09701892635115,80171300
2021-04-07,124.45936584472656,124.47882455845117,121.7736104771957,122.4450511751175,83466700
2021-04-08,126.85316467285156,126.88235645002487,125.06266638077538,125.48109175246618,88844600
2021-04-09,129.4221649169922,129.4610823431084,125.987126690143,126.3082511367721,106686700
2021-04-12,127.70952606201172,129.2762161435529,127.11593504109703,128.95509167174853,91420000
2021-04-13,130.8136749267578,131.0374983592836,128.3809277339075,128.8772176641677,91266500
2021-04-14,128.4782257080078,131.36833015937881,128.11818392495562,131.3099466105929,87222800
2021-04-15,130.88186645507812,131.36841614450222,130.045000395336,130.2201660046541,89347100
2021-04-16,130.55096435546875,131.04723949609195,129.69463249088383,130.6871976204425,84922400
2021-04-19,131.2126922607422,131.82574950678435,129.75304346412022,129.91846854593953,94264200
2021-04-20,129.52920532226562,131.88410306298763,128.26417368348118,131.38782793049364,94812300
2021-04-21,129.90870666503906,130.15198139662152,127.76789199677557,128.79937448295544,68847100
2021-04-22,128.39068603515625,130.54122653689166,127.8749447465964,129.46108603950333,84566500
2021-04-23,130.7066650390625,131.4851323617936,128.60476763173878,128.60476763173878,78657500
2021-04-26,131.09593200683594,131.42678218788413,129.96713331445437,131.20297351815344,66905100
2021-04-27,130.7747802734375,131.76734545845767,130.5023137282654,131.37809693084532,66015800
2021-04-28,129.98663330078125,131.3878989598433,129.50008354962472,130.6969917799402,107760100
2021-04-29,129.88926696777344,133.38270410909877,128.88697605750357,132.7988386951313,151101000
2021-04-30,127.9236068725586,129.96710595621136,127.54409883928643,128.23499084555246,109839500
2021-05-03,128.97451782226562,130.4633727552625,128.283625938946,128.48796838679135,75135100
2021-05-04,124.41069793701172,127.95278490720769,123.2916326716947,127.66085225567952,137564700
2021-05-05,124.65398406982422,126.9407577416854,124.5274764521898,125.72438402846821,84000900
2021-05-06,126.24989318847656,126.25961883490083,123.71009630596178,124.44965376287253,78128300
2021-05-07,126.92243957519531,127.9459170756659,126.21086004578889,127.54628013792039,78973300
2021-05-10,123.64727020263672,126.26934761190338,123.6082792363769,126.14263998590019,88071200
2021-05-11,122.73104095458984,123.08194487011802,119.67031250694359,120.38188481486948,126142800
2021-05-12,119.6702880859375,121.4930768252382,119.16342036759427,120.28438654552215,112172300
2021-05-13,121.81474304199219,122.96495055227784,121.12267010296466,121.43459040557941,105861300
2021-05-14,124.23212432861328,124.66101753625983,122.67252280548946,123.06242504546209,81918000
2021-05-17,123.08191680908203,123.72525662054227,122.0096912267483,123.61803331863223,74244600
2021-05-18,121.69779205322266,123.7837608469623,121.62955970713838,123.36461716765379,63342900
2021-05-19,121.54180908203125,121.76599784022277,119.75801143334377,120.05043995950335,92612000
2021-05-20,124.09566497802734,124.49531683623646,121.94146411990351,122.06818662946591,76857100
2021-05-21,122.26313018798828,124.76824225453443,122.04868358173061,124.59278661639331,79295400
2021-05-24,123.8909683227539,124.70976380781524,122.76025995557121,122.82849229292907,63092900
2021-05-25,123.69603729248047,125.08019086281091,123.13067931563903,124.59280739844195,72009500
2021-05-26,123.64727020263672,124.17363709199465,123.22812661130169,123.75449350065962,56575900
2021-05-27,122.1169204711914,124.41733561849655,121.92197306010468,123.24763627844212,94625600
2021-05-28,121.4638442993164,122.62380153028337,121.405361560534,122.39960530367183,71311100
2021-06-01,121.14218139648438,122.18516577367905,120.81076927511776,121.92198599710954,67637100
2021-06-02,121.90247344970703,122.07792909380578,120.91797935921073,121.14216813753484,59278900
2021-06-03,120.42084503173828,121.69776758173275,120.02119320163122,121.53206155124437,76229200
2021-06-04,122.71149444580078,122.97468157695552,120.7230000282232,120.93744659827061,75169300
2021-06-07,122.72127532958984,123.13066937489863,121.67829101219802,122.9844550910691,71057600
2021-06-08,123.54005432128906,125.21663622404847,123.02343700167279,123.4035896495703,74403800
2021-06-09,123.92021179199219,124.52456067367201,123.32561251203367,123.99819373222839,56877900
2021-06-10,122.92596435546875,124.95345011953233,122.76025831506651,123.81298472926724,71186400
2021-06-11,124.1346435546875,124.22237508614661,122.91620377217826,123.33534735483208,53522400
2021-06-14,127.18562316894531,127.24410590291394,123.8617230721818,124.59278699385679,96906500
2021-06-15,126.36682891845703,127.30259723643738,126.12314095657528,126.6592574474217,62746300
2021-06-16,126.86396789550781,127.58528973592168,125.21664949570912,127.07841452715692,91815000
2021-06-17,128.46253967285156,129.20336059736883,126.37657131032402,126.52279301183641,96721700
2021-06-18,127.1661376953125,128.18961527761795,126.95169109033546,127.40982566701065,108953300
2021-06-21,128.9596710205078,129.066894317528,125.94769141357571,127.01016734634604,79663300
2021-06-22,130.59725952148438,130.69474066397615,128.29684436989922,128.7939773736595,74783600
2021-06-23,130.32431030273438,130.9286665216875,129.8661757752273,130.39255006678223,60214200
2021-06-24,130.04165649414062,131.240597184488,129.5737648661965,131.05539194095186,68711000
2021-06-25,129.74923706054688,130.50954241745376,129.4568084909208,130.09040620403312,70783700
2021-06-28,131.37704467773438,131.83517920756188,129.9831567614525,130.04163948891443,62111300
2021-06-29,132.88792419433594,133.0438880631515,130.9579196567259,131.3965550234282,64556100
2021-06-30,133.5020294189453,133.9406648079474,132.43953852296474,132.73196707347742,63261400
2021-07-01,133.80418395996094,133.86266668828733,132.33229922059724,133.15110203776288,52485800
2021-07-02,136.42630004882812,136.4652835854969,134.27209152787285,134.41829838230024,78852600
2021-07-06,138.43423461914062,139.53569387856405,136.53347186094717,136.53347186094717,108181800
2021-07-07,140.91989135742188,141.23180423568894,139.0581116318865,139.91588320227135,104911600
2021-07-08,139.6234588623047,140.42274763655988,137.11833949517367,138.00536723887996,105575500
2021-07-09,141.44627380371094,141.972633378387,139.04837716154248,139.14585831818513,99890800
2021-07-12,140.8516387939453,142.62569425576672,140.36426288116348,142.51847096001342,76299700
2021-07-13,141.9628448486328,143.7369001800956,140.00359917768813,140.3934939298509,100827100
2021-07-14,145.3842315673828,145.79364043052715,143.95134516697595,144.3607540301203,127050800
2021-07-15,144.73118591308594,146.21281325196273,143.37628110522587,145.4720070192926,106820300
2021-07-16,142.69393920898438,145.97884856339024,142.1968210625346,144.7116829108476,93251400
2021-07-19,138.85340881347656,140.43251704679776,138.0931035014654,140.12058929133983,121434600
2021-07-20,142.4600067138672,143.38603306380864,139.35056015600642,139.83793618290784,96350000
2021-07-21,141.72891235351562,142.44049190950972,140.97836414159778,141.85563485293181,74993500
2021-07-22,143.09359741210938,144.4582442706814,142.12858757198936,142.2553100922622,77338200
2021-07-23,144.80914306640625,144.9651069434816,143.2105505102186,143.82464898024415,71447400
2021-07-26,145.22830200195312,146.04709009069717,143.97086362595675,144.52647939059113,72434100
2021-07-27,143.06434631347656,145.4427434254304,141.87514775749966,145.35500444699645,104818600
2021-07-28,141.31951904296875,143.25928057886588,138.94112214929507,141.15381301329907,118931200
2021-07-29,141.9628448486328,142.8498725143642,140.92961036922324,141.0368336570977,56699500
2021-07-30,142.17724609375,142.6353804619157,140.4714310682261,140.73461812246583,70440600
2021-08-02,141.8458709716797,143.23975875771586,141.58268384916155,142.6646588267022,62880000
2021-08-03,143.6394500732422,144.30227426975748,141.51448305654833,142.12858155366985,64786600
2021-08-04,143.2397918701172,144.058579914417,142.58670986762564,143.5517196242508,56368300
2021-08-05,143.34703063964844,144.10733603044793,142.4795019309908,143.2690486927029,46397700
2021-08-06,142.66366577148438,143.61059289976055,142.16580285802874,142.86867690985883,54126800
2021-08-09,142.61483764648438,143.210327688173,142.0584044347056,142.72222158501236,48908700
2021-08-10,142.1365203857422,144.19632898598317,141.84365370926938,142.95653516321173,69023100
2021-08-11,142.3903045654297,143.22984760890972,142.06815276895088,142.57578725696132,48493500
2021-08-12,145.34823608398438,145.5044336133679,142.37078584930737,142.71246608285676,72282600
2021-08-13,145.5532684326172,145.88517705910473,144.7430103885552,145.42635605950554,59375000
2021-08-16,147.52520751953125,147.59354953492934,142.98582599022765,145.00657783567002,103296000
2021-08-17,146.61732482910156,148.07187159409528,145.5434853619502,146.65636676617194,92229700
2021-08-18,142.87841796875,147.13470375005627,142.6734068529053,146.2365903149313,86326000
2021-08-19,143.21031188964844,144.47939059702847,141.06264825182848,141.58003947243648,86960300
2021-08-20,144.66490173339844,144.9675251601663,143.28843882859866,143.9327425154178,60549600
2021-08-23,146.1487274169922,146.61730507779947,144.3720141553827,144.78202147056598,60131800
2021-08-24,146.06089782714844,147.27140659304087,145.60207679709836,145.89494350289067,48606400
2021-08-25,144.8308563232422,146.74423897086186,144.28417982272728,146.24636116832204,58991300
2021-08-26,144.0303497314453,145.57276688380205,144.00106455542348,144.82109417148567,48597200
2021-08-27,145.06517028808594,145.2115961914639,143.33727014912955,143.97180225819312,55802400
2021-08-30,149.4776153564453,149.83882401907485,145.07490345956626,145.45562564226032,90956700
2021-08-31,148.2183074951172,149.16523456794167,147.69114453920625,149.02856544896787,86453100
2021-09-01,148.88214111328125,151.29338682527435,148.71618680019012,149.19453621732464,80313700
2021-09-02,149.99502563476562,151.0395800272227,148.77476016459727,150.20979354918074,71115500
2021-09-03,150.6295623779297,150.9517142276546,149.44833892893834,150.10239938899159,57808700
2021-09-07,152.96270751953125,153.51914078415754,150.71741625258127,151.2836211735212,82278300
2021-09-08,151.42027282714844,153.30435519689405,150.31714828986404,153.24578484904103,74420200
2021-09-09,150.40504455566406,152.39651120399355,150.28788894400816,151.79126431107525,57305700
2021-09-10,145.4263458251953,151.78148246152148,145.16276433644302,151.3129047338198,140893200
2021-09-13,145.99258422851562,147.81809686029018,145.21161123932484,147.04689552955006,102404300
2021-09-14,144.59657287597656,147.4764113119793,143.41536423851278,146.77353720711707,109296300
2021-09-15,145.48487854003906,145.88512904981255,142.88815094916558,145.0260576914331,83281300
2021-09-16,145.25062561035156,145.42635157507343,143.71798000246844,144.90896023332135,68034100
2021-09-17,142.58555603027344,145.27991132028194,142.29268938190515,145.27991132028194,129868800
2021-09-20,139.53981018066406,141.39460787991925,137.909537174392,140.37935348466607,123478900
2021-09-21,140.01812744140625,141.16030897663776,139.38359538478255,140.5062336067531,75834000
2021-09-22,142.38059997558594,142.94679012081193,140.28173414994058,141.01389352952881,76404300
2021-09-23,143.33726501464844,143.581318108749,142.1755699033987,143.16153904107028,64838200
2021-09-24,143.4251251220703,143.96204492535793,142.09747565204063,142.19510285111807,53477900
2021-09-27,141.91195678710938,142.48793328173883,140.39883985731234,142.0095839613355,74150700
2021-09-28,138.53427124023438,141.30671020043195,138.3195033733077,139.84239196001295,108972300
2021-09-29,139.4324188232422,141.013878143942,138.65144592439347,139.08098176355122,74602000
2021-09-30,138.13404846191406,140.9455448156453,137.9192805517919,140.2426707272125,89056700
2021-10-01,139.2566680908203,139.5202495626883,135.80088336468526,138.52450892126643,94639600
2021-10-04,135.83016967773438,138.8271483868743,134.98086980059804,138.38784096480848,98322000
2021-10-05,137.7533416748047,138.85646652806082,136.04496985928344,136.17188224652747,80861100
2021-10-06,138.6221466064453,138.76857249312508,135.07849119061893,136.15233067899587,83221100
2021-10-07,139.8814697265625,140.78935501402486,139.32503639848235,139.6569450430087,61732700
2021-10-08,139.50074768066406,140.75029837603776,139.16883903566588,140.60387247260306,58773200
2021-10-11,139.4129180908203,141.36534327777014,138.4367054973454,138.88576984450557,64452200
2021-10-12,138.14381408691406,139.84242905892054,137.68499305819657,139.82290063970592,73035900
2021-10-13,137.55807495117188,138.0364094315763,135.88874541033104,137.88022678873125,78762700
2021-10-14,140.34027099609375,140.45742659800283,138.14379338196727,138.7295267040612,69907100
2021-10-15,141.39459228515625,141.45316264244676,140.0962280805495,140.35005282323274,67940300
2021-10-18,143.06390380859375,143.34699879821167,139.75454497889402,140.03763996851194,85589200
2021-10-19,145.2213592529297,145.62160993395176,143.06393807186709,143.51298745891924,76378900
2021-10-20,145.7094268798828,146.1877762179813,144.5965455732881,145.1627504339508,58418800
2021-10-21,145.9241943359375,146.08039186170322,144.35249211048287,145.2701339545865,61421000
2021-10-22,145.15304565429688,146.60759281256946,145.10423204789777,146.12925819899365,58883400
2021-10-25,145.10418701171875,145.8168177773373,144.10844635434742,145.14322894722775,50720600
2021-10-26,145.76805114746094,147.25188335627817,145.46541277347194,145.77780790953028,60893400
2021-10-27,145.30923461914062,146.1682914783705,144.95779752805828,145.80709762491546,56094900
2021-10-28,148.94070434570312,149.52642273545615,146.15849358297356,146.25612076250718,100077900
2021-10-29,146.2366180419922,146.373287179863,142.92725865743117,143.7179883048137,124953200
2021-11-01,145.41659545898438,146.1389830509936,144.28418557941234,145.44588063726485,74588300
2021-11-02,146.45135498046875,147.96448683414823,145.11393416867705,145.12370582377017,69122000
2021-11-03,147.8864288330078,148.35500663634056,146.25615583539988,146.8125891838913,54511500
2021-11-04,147.36904907226562,148.8040677773685,147.056653914814,147.97429607005193,60394600
2021-11-05,147.89697265625,148.79639720102944,146.70425393179946,148.49333201847526,65463900
2021-11-08,147.07571411132812,148.18044870579655,146.80197694204415,148.02402320404659,55020900
2021-11-09,147.43740844726562,148.04353851031115,146.70418082227025,146.84104938223388,56787900
2021-11-10,144.612060546875,146.7726448402154,144.54363371528353,146.66510417552323,65187100
2021-11-11,144.56320190429688,146.0883134852804,144.37744845730748,145.62883774477925,41000000
2021-11-12,146.63580322265625,147.03662312152338,144.18192440007093,145.11067671997742,63804000
2021-11-15,146.6455841064453,148.48354686753203,146.08832372641191,147.00730510695527,59222800
2021-11-16,147.62319946289062,148.102247003654,146.00031832566742,146.58690654221206,59256200
2021-11-17,150.05755615234375,151.53378312081145,147.61346287620162,147.62323387898405,88807000
2021-11-18,154.33958435058594,155.12169711619316,149.62738067059388,150.27262482103686,137827700
2021-11-19,156.95962524414062,157.41911583313842,153.02952027938457,154.12446895909494,117305600
2021-11-22,157.4191131591797,161.9944471367291,157.39955624235793,158.06434223873075,117467900
2021-11-23,157.80043029785156,158.18170822428823,155.50297681960475,157.5169071447605,96041900
2021-11-24,158.3185577392578,158.51408217991857,156.06998937776268,157.15516717862224,69463600
2021-11-26,153.30331420898438,156.86191365315102,152.86338037425756,156.00160290809217,76959800
2021-11-29,156.6565704345703,157.58532267329434,155.2389847402696,155.8060160344783,88748200
2021-11-30,161.6034393310547,161.81852071802552,156.34374618750323,156.41218795497596,174048100
2021-12-01,161.08526611328125,166.49159798116264,160.85062784337472,163.7346542506034,152052500
2021-12-02,160.0978546142578,160.52801734787488,154.27114554315142,155.1901268526862,136739200
2021-12-03,158.2207794189453,161.27101721338744,156.14819360952984,160.35203598315746,118023100
2021-12-06,161.62295532226562,164.12570364495514,160.60620449270007,160.61597549233863,107497000
2021-12-07,167.3519287109375,167.74299254141582,164.57544264356054,165.2988995417756,120405400
2021-12-08,171.1646728515625,172.02499811029608,166.88261839066362,168.2806469361057,116998900
2021-12-09,170.65634155273438,172.7973693361273,170.03065436230736,170.9985205283445,108923700
2021-12-10,175.43698120117188,175.61296364291238,170.78343380069845,171.29180928871014,115402700
2021-12-13,171.80995178222656,178.05705234389498,171.60464142456377,177.06962931153166,153237000
2021-12-14,170.43145751953125,173.76520322122326,168.35887188331523,171.3308817563336,139380400
2021-12-15,175.2903594970703,175.48588396086842,168.4566698432585,171.19405708911282,131063300
2021-12-16,168.4077606201172,177.08918279763162,166.93153397693786,175.27077720416733,150185800
2021-12-17,167.3127899169922,169.59068583995455,165.89521929851176,166.12984262332955,195432700
2021-12-20,165.95391845703125,166.76535914150864,163.71513578207376,164.51679054709132,107499100
2021-12-21,169.12142944335938,169.3267248588515,165.33796412188073,167.72340078083394,91185900
2021-12-22,171.71218872070312,171.92727008747283,168.30022969109157,169.1703261593658,92135300
2021-12-23,172.33786010742188,172.89512039322665,171.35045204505695,171.9174833311616,68356600
2021-12-27,176.29730224609375,176.3852860059842,173.1102106304085,173.12975263201184,74919600
2021-12-28,175.28054809570312,177.2749361221624,174.5375492742612,176.1311025117923,79144300
2021-12-29,175.36854553222656,176.59059189162147,174.15627017338588,175.31966069433915,62348900
2021-12-30,174.2149200439453,176.53193000592643,174.10737937130014,175.45652327947462,59773000
2021-12-31,173.5990447998047,175.22191121478994,173.2959647369927,174.10740540326523,64062300
2022-01-03,177.93972778320312,178.79028222604728,173.73590007898758,173.85321176039008,104487900
2022-01-04,175.68138122558594,178.84893075193062,175.1143499260673,178.54586564233023,99310400
2022-01-05,171.0082550048828,176.1408490374331,170.7345178498846,175.5933747274367,94537600
2022-01-06,168.15357971191406,171.3797850968752,167.80162976232634,168.83792269234627,96904000
2022-01-07,168.31976318359375,170.2457092977057,167.2052575825263,169.0236630282213,86709100
2022-01-10,168.33932495117188,168.64239004792708,164.40921985835627,165.2988731483881,106765600
2022-01-11,171.1646728515625,171.26242759251966,166.99994496438987,168.4664003367464,76138300
2022-01-12,171.6046600341797,173.2177554801649,170.91054596180936,172.18146241376857,74805200
2022-01-13,168.33932495117188,172.6702498945838,167.94826118313497,171.8490383580425,84505800
2022-01-14,169.19967651367188,169.8937905683483,167.2639441267619,167.508353425533,80440800
2022-01-18,166.00274658203125,168.68146210817613,165.62146879237642,167.67449730684277,90956700
2022-01-19,162.51260375976562,167.25414945182573,162.22909557704548,166.19829964047344,94815000
2022-01-20,160.83106994628906,165.8854518373375,160.50844792121475,163.24583471657064,91420500
2022-01-21,158.77806091308594,162.61039693927614,158.6705202245997,160.74310631081485,122848900
2022-01-24,158.00570678710938,158.67050778679211,151.24045969712583,156.44149634340394,162294600
2022-01-25,156.2068634033203,159.1202179477596,153.50859022634555,155.42475069595457,115798400
2022-01-26,156.11888122558594,160.71377291639465,154.29070450112417,159.84367643647036,108275300
2022-01-27,155.65936279296875,160.17604091465265,154.7403816352541,158.817126094803,121954600
2022-01-28,166.5209197998047,166.5404767176366,159.1593140383979,162.0042414218655,179935700
2022-01-31,170.87139892578125,171.0864802658057,165.71924760028926,166.3547206203823,115541600
2022-02-01,170.70523071289062,170.93008309016165,168.45666218750117,170.11864243059435,86213900
2022-02-02,171.90769958496094,171.94681342176997,169.45383589849953,170.84207875406224,84914300
2022-02-03,169.033447265625,172.29876649074853,168.27089152715305,170.57811566132818,89418100
2022-02-04,168.7495880126953,170.4234840013588,167.07569202403184,168.05457472378333,82465400
2022-02-07,168.0349884033203,170.27662295458384,167.3399751947351,169.20964451994723,77251200
2022-02-08,171.13809204101562,171.64711530996314,167.80988135828758,168.10354920331756,74829200
2022-02-09,172.55743408203125,172.91961588647231,171.20657123174874,172.3322952525055,71285000
2022-02-10,168.4852752685547,171.7743215374217,167.92731993059743,170.4626223841964,90865900
2022-02-11,165.0787811279297,169.4250227899619,164.4914455219278,168.690860750742,98670700
2022-02-14,165.31370544433594,165.99892030677,163.04269054419584,163.83558309476697,86185500
2022-02-15,169.14109802246094,169.29772280484622,166.6547430824804,167.35953966665278,62527400
2022-02-16,168.90621948242188,169.67953027359678,166.45901263665095,168.22100455291906,61177400
2022-02-17,165.31370544433594,168.27971865617212,164.91235997613748,167.4182971510757,69589300
2022-02-18,163.7670440673828,166.93861378532614,162.68048390268257,166.23383213199764,82772700
2022-02-22,160.85000610351562,163.16995323151656,158.72581758393332,161.49605730830203,91162800
2022-02-23,156.68975830078125,162.6413518716535,156.37650867254357,162.04423283731927,90009200
2022-02-24,159.30337524414062,159.4110529381091,148.7901697172211,149.3579234730035,141147500
2022-02-25,161.36880493164062,161.6330924831591,157.47284137265066,160.38012393186045,91974200
2022-02-28,161.6331329345703,161.92680077964948,158.99993565341998,159.61663663442954,95056600
2022-03-01,159.75364685058594,163.0818568508139,158.5496253630897,161.22197083806662,83474400
2022-03-02,163.04269409179688,163.82580321014547,159.50892707803538,160.91852050375005,79724800
2022-03-03,162.71966552734375,165.34307890598984,162.0540324670775,164.91236813214016,76678400
2022-03-04,159.7242889404297,162.0540345545001,158.67689221468046,161.01642127862274,83737200
2022-03-07,155.93600463867188,161.53521443024337,155.68148559760553,159.91026569329455,96418800
2022-03-08,154.1153106689453,159.44043549933374,152.50994347183405,155.46617371481233,131148300
2022-03-09,159.50892639160156,159.95921898709753,156.04368834876885,158.06996768709067,91454900
2022-03-10,155.17245483398438,157.00296029096637,152.6860849715575,156.81697023000987,105342000
2022-03-11,151.46249389648438,155.91641251914996,151.23735509056115,155.57379764949783,96970100
2022-03-14,147.4392852783203,150.86537421208124,146.9302771053436,148.2517595892854,108732100
2022-03-15,151.8148956298828,152.28477002224423,147.2043670461277,147.71337523300835,92964300
2022-03-16,156.2198944091797,156.6212399212536,151.19823606106897,153.73353879751855,102300200
2022-03-17,157.2281494140625,157.6001296550613,154.3012994227279,155.26060037752023,75615400
2022-03-18,160.51718139648438,161.00662274780382,156.38629519642316,157.1204572234023,123511700
2022-03-21,161.88760375976562,162.83712104497158,159.56764191840216,160.05708320205216,95811400
2022-03-22,165.25497436523438,165.84229498697943,161.42753966012307,162.01486028186812,81532000
2022-03-23,166.6156005859375,168.9942779440516,164.1096487837443,164.44248019289995,98062700
2022-03-24,170.39413452148438,170.4626485498089,166.6156463524789,167.44768776251115,90131400
2022-03-25,171.03038024902344,171.57855215101324,169.1019802060181,170.20812239603873,80546200
2022-03-28,171.8917999267578,172.0190445148475,168.36781639958284,168.53422465828777,90371900
2022-03-29,175.18084716796875,175.22977935165113,172.6161644453855,172.95877935054617,100589400
2022-03-30,174.01597595214844,175.81711647524634,172.96856432856262,174.77950323773482,92633200
2022-03-31,170.92271423339844,174.27049138056105,170.7171422878286,174.0845012718467,103049300
2022-04-01,170.62901306152344,171.18698327855927,168.30906622272897,170.35492714540266,78751300
2022-04-04,174.67181396484375,174.72076108227714,170.75628355518236,170.8835430731966,76468400
2022-04-05,171.36317443847656,174.53475923368862,170.7366902126206,173.75165021722813,73401800
2022-04-06,168.20140075683594,169.963392443072,166.5373033062765,168.72020734548278,89058800
2022-04-07,168.50482177734375,169.69905954306716,166.26318757309542,167.54552117320154,77594700
2022-04-08,166.4981689453125,168.15248323813117,165.6269638660641,168.15248323813117,76575500
2022-04-11,162.24977111816406,165.46050445879015,162.00505049807634,165.14726983208973,72246700
2022-04-12,164.11947631835938,166.28279871101802,163.12101178667447,164.47187468621496,79265200
2022-04-13,166.80160522460938,167.42808955183875,163.24827119923606,163.85517369033073,70618900
2022-04-14,161.79949951171875,167.65322825491936,161.55477886000992,167.01694559853848,75329400
2022-04-18,161.58413696289062,163.08182595142617,160.1158132536157,160.4584131571765,69023900
2022-04-19,163.8649444580078,164.2760883021938,160.44865367684753,161.53521398147984,67723800
2022-04-20,163.69850158691406,165.31366652875272,162.59237461814482,165.1961904824443,67929800
2022-04-21,162.9056396484375,167.90773030576432,162.40641490220864,165.34306268686478,87227800
2022-04-22,158.3734130859375,164.32502122927878,158.08954369720692,162.94480808191494,84882400
2022-04-25,159.44039916992188,159.72426854560663,155.113739965227,157.71755627231695,96046400
2022-04-26,153.4888153076172,158.91181906878418,153.4105028966986,158.82372320771267,95623200
2022-04-27,153.26364135742188,156.4156292897006,152.09876878373368,152.61757531774515,88063200
2022-04-28,160.18434143066406,161.0457628626786,155.57379800357486,155.88704759214835,130216800
2022-04-29,154.3208465576172,162.69029635210208,153.92929946524063,158.42236732431553,131747600
2022-05-02,154.6243133544922,154.88860092145774,150.0333512355366,153.4007100151784,123055300
2022-05-03,156.11219787597656,157.31623426694395,153.0189401124905,154.81028218380573,88966500
2022-05-04,162.51409912109375,162.964376768375,155.8968429541357,156.29818841895514,108256500
2022-05-05,153.45945739746094,160.6150881198339,151.67788357069364,160.38994926297363,130525300
2022-05-06,154.18487548828125,156.3023722983105,151.14587460582203,152.93986371222095,116124600
2022-05-09,149.06759643554688,152.76341048572758,148.50882129057032,151.8811126841976,131577900
2022-05-10,151.46937561035156,153.65550196924158,149.92046680625165,152.45950928453797,115366700
2022-05-11,143.6169891357422,152.39085681137783,142.94056542836282,150.4792343504193,142689800
2022-05-12,139.7545623779297,143.32293029647687,136.0685607235715,139.96043637411066,182602000
2022-05-13,144.21499633789062,145.18551933414366,140.29371306035543,141.74458368466105,113990900
2022-05-16,142.67588806152344,144.61693408926746,141.34265112461745,142.68570084334092,86643800
2022-05-17,146.30308532714844,146.82265416778552,143.79345144967377,145.93055862687706,78336300
2022-05-18,138.04881286621094,144.46010573899827,137.1469043666091,143.960147405131,109742900
2022-05-19,134.64707946777344,138.87226008655338,133.91183880440775,137.12729010884627,136095600
2022-05-20,134.88235473632812,137.93115346240322,130.00036063657,136.3528361484188,137426100
2022-05-23,140.29371643066406,140.4407585737006,134.941158046499,135.07840236616943,117726300
2022-05-24,137.5978546142578,139.17617200488684,134.62748321427134,138.03899606760518,104132700
2022-05-25,137.7547149658203,138.99971190055481,135.61760734755066,135.70583264997845,92482700
2022-05-26,140.95053100585938,141.49950829001511,134.44120114221013,134.68628135538745,90601500
2022-05-27,146.6952362060547,146.7344424649416,142.40142537012454,142.52887188890233,90978500
2022-05-31,145.91094970703125,147.69514080945274,143.9503080341332,146.1364342695409,103718400
2022-06-01,145.78353881835938,148.75391017683245,144.773794451972,146.95010821381516,74286600
2022-06-02,148.2343292236328,148.2931460840145,143.96992734384497,144.9208398093746,72348100
2022-06-03,142.51904296875,145.05807025566116,141.61714962601158,144.00911981753086,88570300
2022-06-06,143.26409912109375,145.64628674294468,142.04849579123675,144.13658414441952,71598400
2022-06-07,145.78353881835938,146.06782531945106,141.26425852389363,141.50933876771822,67808200
2022-06-08,145.04832458496094,146.92072662137116,144.55816400776706,145.656118913957,53950200
2022-06-09,139.83299255371094,145.0384948829892,139.72515664096548,144.18562036487367,69473000
2022-06-10,134.43141174316406,137.9899664897166,134.36278209908923,137.51941663931075,91437900
2022-06-13,129.2847137451172,132.53937106937602,128.85337019356888,130.25522177759234,122207100
2022-06-14,130.1473846435547,131.25515193955982,128.8925752102517,130.51011351307002,84784300
2022-06-15,132.7648468017578,134.63726323315953,129.5592083618082,131.64728162043858,91533000
2022-06-16,127.50051879882812,129.78466802101963,126.50058741056863,129.48077097128098,108123900
2022-06-17,128.97100830078125,130.4611001773296,127.25544681769559,127.51033981148552,134520300
2022-06-21,133.1962127685547,134.36279718069025,130.69640612370614,130.79442925101708,81000500
2022-06-22,132.68643188476562,135.04899374439105,131.27476747959807,132.13743964836019,73409200
2022-06-23,135.54898071289062,135.86267563561398,132.96093402675356,134.1275183400123,72433800
2022-06-24,138.87228393554688,139.1173641987572,137.01947774401722,137.14690930909833,89116800
2022-06-27,138.87228393554688,140.666273257268,138.1958600157244,139.8918112487565,70207900
2022-06-28,134.73529052734375,140.59760460905184,134.61765682035212,139.33299738336785,67083400
2022-06-29,136.49008178710938,137.90174634957765,133.98046254650382,134.75492447437682,66242400
2022-06-30,134.02947998046875,135.64700354645933,131.13753620204082,134.5490488814723,98964500
2022-07-01,136.1959686279297,136.3038045198631,132.9903302157903,133.36284196732555,71051600
2022-07-05,138.7742156982422,138.82323473193733,134.2353254229341,135.05880629688934,73353800
2022-07-06,140.1074676513672,141.28384979355582,138.30368070277723,138.5683715462856,74064300
2022-07-07,143.4699249267578,143.66598605387244,140.46033352285502,140.47013134373395,66253700
2022-07-08,144.14633178710938,144.64630485734332,142.1464843816885,142.4013623479318,64547800
2022-07-11,142.0190887451172,143.7542609845207,140.95054251842944,142.80334848304327,63141600
2022-07-12,142.9895782470703,145.5286052761855,142.19552087150592,142.89154019342988,77588800
2022-07-13,142.62689208984375,143.56799177024092,139.3232005090592,140.17608985764943,71185600
2022-07-14,145.5482177734375,146.01876752832248,140.43094244372892,141.2446104323155,78140700
2022-07-15,147.21478271484375,147.8912065060331,145.2835494113212,146.83245817528143,76259900
2022-07-18,144.17579650878906,148.58724039251226,143.81306761767442,147.77357228115997,81420900
2022-07-19,148.02842712402344,148.25389669881054,144.01891901249385,145.0090375439563,82982400
2022-07-20,150.02830505371094,150.6949310490213,147.41085002655058,148.14609070693865,64823400
2022-07-21,152.2928466796875,152.50851845862235,148.94994906470606,151.45956799212024,65086600
2022-07-22,151.0576171875,153.20452197233897,150.39100627342597,152.3320371239143,66675400
2022-07-25,149.9400634765625,151.9889303599999,149.28325033510924,150.97920113195147,53623900
2022-07-26,148.61663818359375,150.0773065915356,147.83237855759032,149.2636385384265,55138700
2022-07-27,153.70452880859375,154.23391054533735,149.16565257909815,149.57738561961435,78620700
2022-07-28,154.2534942626953,154.53778073211737,151.37134852302864,153.8907653704556,81378700
2022-07-29,159.3119354248047,160.409904944982,156.36117506106663,158.0669387195233,101786900
2022-08-01,158.3316192626953,160.3706884793457,157.72382510643268,157.84145882480365,67829400
2022-08-02,156.86114501953125,159.21392420256825,156.48863324172908,156.94938527079637,59907000
2022-08-03,162.86070251464844,163.3116417148104,157.58657171952117,157.67479700322565,82507500
2022-08-04,162.54701232910156,163.89986001020398,161.19416464799912,162.74307352499065,55474100
2022-08-05,162.32125854492188,162.81209994967907,160.01429795084667,160.2204579317327,56697000
2022-08-08,161.8500213623047,164.7361708864107,161.19229575323052,163.32254540690658,60276900
2022-08-09,161.89910888671875,162.78263230320212,160.25970057725633,161.0156004495246,63135500
2022-08-10,166.13998413085938,166.23814341245296,163.8428352480907,164.60854654925055,70170500
2022-08-11,165.40370178222656,167.85790820975464,165.10919401506573,166.9449356294848,57149200
2022-08-12,168.94761657714844,169.01632658420414,166.29706102264856,166.70938098214606,68039400
2022-08-15,170.01759338378906,170.21392688656005,168.21130119143814,168.37818541775778,54091700
2022-08-16,169.8605499267578,170.52810192661653,168.51564947224608,169.61512926108554,56377100
2022-08-17,171.35272216796875,172.9234055360259,169.40899457207655,169.6053281206725,79542000
2022-08-18,170.9600067138672,171.69626861182405,169.94887490568271,170.5673396933382,62290100
2022-08-19,168.37818908691406,170.5575254675204,168.1720291679761,169.8605242913159,70346300
2022-08-22,164.50057983398438,166.74862666169574,164.07844847706937,166.58174239756778,69026800
2022-08-23,164.16677856445312,165.6196796113523,163.5974008535258,164.0195321647684,54147100
2022-08-24,164.46127319335938,165.03065085876125,163.20472075222654,164.2551282502834,53841500
2022-08-25,166.91549682617188,167.0234825149317,165.26627719342727,165.68839353539587,51218200
2022-08-26,160.62290954589844,167.91681938586046,160.56401098389765,167.44561591056575,78961000
2022-08-29,158.42393493652344,159.91608162954805,156.89251255304256,158.19813716461735,73314000
2022-08-30,155.99920654296875,159.58234252318653,154.83100169515882,159.16022613846985,77906200
2022-08-31,154.34014892578125,157.6386032608909,154.2616125155062,157.37354474862363,87991100
2022-09-01,155.06658935546875,155.5181549609377,151.83684522830168,153.77076113952282,74229900
2022-09-02,152.95596313476562,157.42262194968552,152.13135334781393,156.82379496598037,76957800
2022-09-06,151.69940185546875,154.21250676362826,150.8747921160952,153.60386838160778,73714800
2022-09-07,153.1031951904297,153.8001813128386,150.79623553618094,151.9840778426693,87449600
2022-09-08,151.6306915283203,153.49588236025656,149.88328282837716,151.80738719524012,84923800
2022-09-09,154.48739624023438,154.92916542303703,151.91539245059826,152.62220516793604,68028800
2022-09-12,160.4364013671875,161.25119983056848,156.38206187837264,156.66674327917337,104956000
2022-09-13,151.0220489501953,157.59931943362142,150.56065692569356,156.97104316313002,122656600
2022-09-14,152.46510314941406,154.22232317214238,150.79624593389804,151.95462406702927,87965400
2022-09-15,149.57896423339844,152.39640331677907,148.6071081028978,151.81719923234522,90481100
2022-09-16,147.93955993652344,148.57766259301448,145.65223775657734,148.44022763272653,162278800
2022-09-19,151.65032958984375,151.72886599832884,146.36888718799335,146.5750321533895,81474200
2022-09-20,154.02597045898438,155.1843635395565,150.2759512881002,150.59008188296497,107689800
2022-09-21,150.90426635742188,155.8323177224437,150.78646922639234,154.45795295017905,101696800
2022-09-22,149.94219970703125,151.6405063427645,148.14571882351763,149.58879338602387,86652500
2022-09-23,147.67453002929688,148.69548848555903,145.83878806603744,148.42061851178616,96029900
2022-09-26,148.00831604003906,150.95336436223522,146.89900971197227,146.91864756165486,93339400
2022-09-27,148.98011779785156,151.8859043349913,147.20327502469917,149.94217734892632,84442700
2022-09-28,147.0952911376953,147.88064007446383,142.18687900699845,144.9355927960457,146691400
2022-09-29,139.8701171875,144.03245634378814,138.103085707034,143.4238179924611,128138200
2022-09-30,135.6685333251953,140.4787870882612,135.47219979960417,138.69211755301987,124925300
2022-10-03,139.84068298339844,140.44933637961338,135.1678792129988,135.67835835777296,114311700
2022-10-04,143.423828125,143.54162523892447,141.61752082886468,142.3734205948832,87830100
2022-10-05,143.7183074951172,144.6803670999918,140.39040452379436,141.43100052371705,79471000
2022-10-06,142.76609802246094,144.83744897574383,142.55995305808347,143.13914221609966,68402200
2022-10-07,137.52391052246094,140.47878470691822,136.8956342636469,139.9290298735793,85925600
2022-10-10,137.84786987304688,139.29094450363405,136.03176603772727,137.84786987304688,74899000
2022-10-11,136.43423461914062,138.76083241469453,135.68816128454225,137.33738075448184,77033700
2022-10-12,135.80596923828125,137.78897231294513,135.62927355780315,136.58150689181417,70433700
2022-10-13,140.37081909179688,140.95981974279604,131.90870376504793,132.51735724415704,113224000
2022-10-14,135.84524536132812,141.87277603175662,135.65872326737428,141.66661609125816,88598000
2022-10-17,139.80145263671875,140.282467627112,137.70065202144465,138.48600126569377,85250900
2022-10-18,141.11688232421875,144.0128431743189,138.03439937209953,142.825015544548,99136600
2022-10-19,141.22483825683594,142.2948685353432,138.9080670690917,139.09458913180654,61758300
2022-10-20,140.76345825195312,143.21766459219867,140.0370077826972,140.40024050696854,64522000
2022-10-21,144.57240295410156,145.1417806685085,140.03701908535325,140.25299045906925,86548600
2022-10-24,146.71246337890625,147.47817461798252,143.3256613631015,144.49386606815804,75981900
2022-10-25,149.54953002929688,149.69679141311283,146.62411995147127,147.34074408565283,74732300
2022-10-26,146.6143035888672,149.20594507644813,145.32828678897533,148.19481318791426,88194300
2022-10-27,142.14768981933594,146.3198422295554,141.48996406041644,145.35779716210672,109180200
2022-10-28,152.8872528076172,154.61500878306214,145.11232844918345,145.4853576495381,164762400
2022-10-31,150.53121948242188,151.41474288743174,149.13723186575905,150.35452378899333,97943200
2022-11-01,147.89047241210938,152.60255171953904,146.3983256985316,152.2393339638939,80379300
2022-11-02,142.3734130859375,149.38262560122348,142.34396380900958,146.22160672381153,93604600
2022-11-03,136.33607482910156,140.18426855678922,136.20845130657773,139.45781809061094,97918500
2022-11-04,136.07061767578125,140.2890164015465,132.13737261509453,139.71869406725023,140814800
2022-11-07,136.6015625,136.827719829141,133.40580174577732,134.82177198830993,83374600
2022-11-08,137.1719207763672,139.0697043062685,135.19547054516553,138.06673762400212,89908500
2022-11-09,132.61915588378906,136.23774833279379,132.3438299914245,136.18857977969958,74917800
2022-11-10,144.4188995361328,144.4188995361328,137.171901375878,138.88286812786214,118854000
2022-11-11,147.20167541503906,147.5064994693465,141.9606252113591,143.3864383750097,93979700
2022-11-14,145.80535888671875,147.77198095425382,144.96953850636208,146.48384590068005,73374100
2022-11-15,147.53599548339844,151.02675299903876,146.0806992107757,149.67962155098414,89868300
2022-11-16,146.30685424804688,147.36883205309908,144.83188757505272,146.64119143040293,64218300
2022-11-17,148.2046661376953,148.95197725260945,143.71092672522755,143.98625266251898,80389400
2022-11-18,148.76513671875,150.15160903599656,147.46717380781297,149.76811828911318,74829600
2022-11-21,145.53988647460938,147.8605015253363,145.25473282614936,147.6540145740021,58724100
2022-11-22,147.6736297607422,147.90962978782017,144.47786920588229,145.65785433713793,51804100
2022-11-23,148.5487823486328,149.2960932184856,146.84764371747318,146.95580851480625,58301400
2022-11-25,145.63818359375,146.3953372169929,144.66470036386627,145.8348427804778,35195900
2022-11-28,141.81309509277344,144.19270560138654,140.98711756167793,142.71773929408752,69246000
2022-11-29,138.8140411376953,142.393293327039,138.00773375100172,141.88196729880755,83763800
2022-11-30,145.5595245361328,146.23801151936658,138.20436253781247,139.04016787618127,111380900
2022-12-01,145.83485412597656,146.64117635966434,144.1632284025417,145.7365320270306,71250400
2022-12-02,145.3431854248047,145.5300169012177,143.21923022579475,143.52406921601985,65447400
2022-12-05,144.18289184570312,148.40128929094377,143.3372438141924,145.30386574755366,68826400
2022-12-06,140.52499389648438,144.8417290558683,139.55151049910586,144.61557170242608,64727200
2022-12-07,138.58786010742188,140.97729872796708,137.6635453309665,139.81699890501977,69721100
2022-12-08,140.2693328857422,141.12482380942538,138.7452125702619,139.98417924727298,62128300
2022-12-09,139.7875213623047,143.14061609699272,138.5485396692002,139.9645101732408,76097000
2022-12-12,142.07862854003906,142.08845624970894,138.70586361029962,140.31849324023466,70462700
2022-12-13,143.04226684570312,147.4671667934874,141.83279839446703,147.00500937638787,93886200
2022-12-14,140.81997680664062,144.21239680146076,138.80418622868987,142.9242617747897,82291200
2022-12-15,134.22198486328125,139.43353745953314,133.7598273780729,138.75505030022137,98931900
2022-12-16,132.26516723632812,135.35276341025192,131.49818579850947,134.40879318099954,160156900
2022-12-19,130.160888671875,132.94366095306307,129.12842399506934,132.85516655290323,79592600
2022-12-20,130.09207153320312,131.02621414919912,127.72228799900502,129.19725476241064,77432800
2022-12-21,133.18948364257812,134.52678732015247,130.5345467103143,130.76070405901197,85928000
2022-12-22,130.02322387695312,132.31434056379908,128.12544063659777,132.10785363301125,77852100
2022-12-23,129.65940856933594,130.21006041152802,127.47645662054781,128.7350936895975,63814900
2022-12-27,127.85993194580078,129.2169059676245,126.57179689801647,129.18740783707491,69007800
2022-12-28,123.93653869628906,128.8432592520272,123.76937760067855,127.50595548300566,85438400
2022-12-29,127.44693756103516,128.30241331797103,125.59831560715067,125.8539710621533,75703700
2022-12-30,127.76158905029297,127.78125947114631,125.30331909041402,126.2669671564067,77034200
2023-01-03,122.98269653320312,128.71539349844326,122.09771520429403,128.10574552902463,112117500
2023-01-04,124.25119018554688,126.51280869797894,122.99255318811515,124.77234386397704,89113600
2023-01-05,122.93355560302734,125.63766124201173,122.67790010774006,125.00834271164995,80962700
2023-01-06,127.456787109375,128.11560378272642,122.80572954739813,123.90704074173942,87754700
2023-01-09,127.97794342041016,131.18354745345354,127.72228791640812,128.292610198386,70790800
2023-01-10,128.54823303222656,129.06938662217883,125.9817909176488,128.0860756971166,63896200
2023-01-11,131.26219177246094,131.28184718963053,128.28276062052532,129.05956971451124,69458900
2023-01-12,131.18353271484375,132.0193381171801,129.24640871746402,131.6456901154858,71379600
2023-01-13,132.51101684570312,132.66835024455597,129.46276101465787,129.82658137088367,57809700
2023-01-17,133.67132568359375,134.99878678874634,131.89153482883353,132.57984966159466,63646600
2023-01-18,132.95350646972656,136.2967583598761,132.77650266153844,134.53663801277594,69672800
2023-01-19,133.01248168945312,133.97612225756075,131.53751520588366,131.8423392118264,58280400
2023-01-20,135.56910705566406,135.71661273457056,131.98002726434026,133.02233471040634,80223600
2023-01-23,138.7550506591797,140.92817511679004,135.59861495460586,135.81494462926892,81760300
2023-01-24,140.15135192871094,140.77084282048162,137.95857203194126,137.96839974299797,66435100
2023-01-25,139.4925079345703,140.0529874380773,136.49340619294276,138.53869500355867,65799300
2023-01-26,141.55747985839844,141.8426334902846,139.53184628445516,140.78065564701856,54105100
2023-01-27,143.49456787109375,144.77287517943125,140.69214050710963,140.77080718806803,70555800
2023-01-30,140.61349487304688,143.12094131391822,140.46600420175812,142.54079133466578,64015300
2023-01-31,141.88192749023438,141.931096037562,139.90547792238985,140.31846671250062,65874500
2023-02-01,143.00291442871094,144.16322923439725,138.96152054070433,141.56728874190614,77663600
2023-02-02,148.302978515625,148.65695608667727,145.69719525256042,146.41500811186492,118339000
2023-02-03,151.92156982421875,154.75351068440185,145.36288637728777,145.55954560277002,154357300
2023-02-06,149.19781494140625,150.54496158543438,148.26367223482333,150.0238078121574,69858300
2023-02-07,152.06906127929688,152.63938353904294,148.12598902287087,148.12598902287087,83322600
2023-02-08,149.38461303710938,152.0002240332312,148.64712974900903,151.31190929849808,64120100
2023-02-09,148.35214233398438,151.75440537570756,147.9096553354024,151.213581264491,56007100
2023-02-10,148.71653747558594,149.04152741969745,146.95372962642622,147.19009004770194,57450700
2023-02-13,151.51339721679688,151.91715888947925,148.62788900472555,148.65743217523777,62199000
2023-02-14,150.87326049804688,151.43461079325414,148.56880303013764,149.8096612758476,61707600
2023-02-15,152.9709014892578,153.1383177826238,150.55811427879883,150.78461690781828,65573800
2023-02-16,151.37551879882812,153.95572244720177,151.02098573800205,151.17854429955682,68167900
2023-02-17,150.23313903808594,150.67630162569367,148.55896091432058,150.03617955770974,59144100
2023-02-21,146.22494506835938,149.00212332766463,146.15601601247863,147.91882364629484,58867200
2023-02-22,146.6484375,147.67263591965713,144.9250155718982,146.60903658364012,51011300
2023-02-23,147.13099670410156,148.05672295415894,145.0038129046831,147.81051980369892,48394200
2023-02-24,144.48182678222656,144.95453250364176,143.50685714395402,144.87574571223192,55469600
2023-02-27,145.6734619140625,146.90447752822308,145.21059884097443,145.46665970602933,44998500
2023-02-28,145.1712188720703,146.81585399639758,144.60002580056587,144.81668575965537,50547000
2023-03-01,143.10308837890625,144.9939263960711,142.80764165155819,144.60000744430354,55479000
2023-03-02,143.69398498535156,144.481837933212,141.71450238763347,142.1872231725768,52238100
2023-03-03,148.73622131347656,148.81500811176437,145.09241829817535,145.79162671403117,70732300
2023-03-06,151.4936981201172,153.92618602775224,151.1293223291666,151.4542972077173,87558000
2023-03-07,149.2975616455078,151.69064849711955,148.83469862838186,151.3656586110283,56182000
2023-03-08,150.5482635498047,151.1391569879468,149.5240652876753,150.48917721139935,47204800
2023-03-09,148.3029022216797,152.1929083670859,147.9483691410299,151.2277963802791,53833600
2023-03-10,146.24464416503906,148.64758887079853,145.36816171354923,147.92868001277867,68572400
2023-03-13,148.1847381591797,150.81418573238946,145.45680332509693,145.56513330123872,84457100
2023-03-14,150.27252197265625,151.07021762009597,147.82034869008896,148.98242012042218,73695900
2023-03-15,150.6664581298828,150.92250395033966,147.64307677577528,148.8937927615987,77167900
2023-03-16,153.48300170898438,154.08373780814682,149.33693534803646,149.84904194741503,76161100
2023-03-17,152.64593505859375,154.35951419092353,151.93686886777078,153.70953434482817,98944600
2023-03-20,155.00949096679688,155.42312546588803,151.80885014610277,152.71489092530072,73641400
2023-03-21,156.86093139648438,156.9791040860205,154.16253977805687,154.93070734117964,73938300
2023-03-22,155.43296813964844,159.6775078686916,155.41326768087632,156.880643804934,75701800
2023-03-23,156.51620483398438,159.09642316640492,155.2851895124044,156.41773262448348,67622100
2023-03-24,157.8162078857422,157.9048374069247,155.4526638252611,156.44731907052963,59196500
2023-03-27,155.87611389160156,158.32830230982592,155.47233717929535,157.5109061704178,52390300
2023-03-28,155.2556915283203,156.08294548571627,153.61105638332387,155.57083875533723,45992200
2023-03-29,158.3282928466797,158.60403911493316,156.92986104995282,156.94954647836764,51305700
2023-03-30,159.89413452148438,160.0024644815908,158.82069266127598,159.07673846378026,49501700
2023-03-31,162.3955535888672,162.4940408365555,159.45097422374334,159.9729235769942,68749800
2023-04-03,163.64630126953125,163.76447396805997,161.7259197832038,161.7751634166065,56976200
2023-04-04,163.114501953125,164.3061166832112,162.60239523685718,164.06977129650792,46278300
2023-04-05,161.27285766601562,162.54327395468036,159.3426339632527,162.23798454444034,51511700
2023-04-06,162.15919494628906,162.4546416380935,159.5395906537556,159.963052724609,45390100
2023-04-10,159.56918334960938,159.56918334960938,157.64880179736934,158.96844706639095,47716900
2023-04-11,158.35784912109375,159.89415417908276,158.07224508795338,159.88431146406083,47644200
2023-04-12,157.66848754882812,159.59871163720814,157.35334033527027,158.77147274218814,50133100
2023-04-13,163.04554748535156,163.28190788405584,158.96842452673738,159.1752417539843,68445600
2023-04-14,162.7008514404297,163.79399372639534,161.33196290458474,162.09025757823102,49386500
2023-04-17,162.72055053710938,162.8781241294329,161.53877864877254,162.5826774005875,41516200
2023-04-18,163.9417266845703,164.8674527745674,163.13417327770642,163.5773508935462,49923000
2023-04-19,165.08412170410156,165.60607111909823,163.02585218946155,163.2819130529251,47720200
2023-04-20,164.11898803710938,165.32046042282218,163.04554607797024,163.56749547193866,52456400
2023-04-21,162.51377868652344,163.9220534848416,161.9918292131701,162.54332186221907,58337300
2023-04-24,162.8190460205078,163.0849495926161,161.40091367199096,162.49405610505224,41949600
2023-04-25,161.28274536132812,163.78416246885476,161.24334444666383,162.68117729099055,48714100
2023-04-26,161.27285766601562,162.76977657727082,160.32744626830737,160.58349205788602,45498800
2023-04-27,165.8522491455078,165.99996498511996,162.68115222078845,162.68115222078845,64902300
2023-04-28,167.10296630859375,167.27039764589344,165.33031595199535,165.93105213681218,55275900
2023-05-01,167.0143280029297,167.86126725124362,166.07875924686118,166.70903856930101,52472900
2023-05-02,165.9802703857422,167.76279339985444,164.99545801480568,167.50673256610264,48425700
2023-05-03,164.9068603515625,168.32416114075937,164.6212713207429,166.92572910723644,65136000
2023-05-04,163.27206420898438,164.50307988258416,161.81454585901537,162.38573893481126,81235400
2023-05-05,170.9338836669922,171.65279246173276,168.16654839153733,168.38320830672657,113453200
2023-05-08,170.86495971679688,171.20965008439242,169.49607101524845,169.86044681233003,55962800
2023-05-09,169.16127014160156,170.90437768216194,168.99385379727335,170.4218291094066,45326900
2023-05-10,170.92404174804688,171.38690478906514,169.28924951921832,170.39224965147537,53724500
2023-05-11,171.1111602783203,171.93839911576495,169.5551548305296,171.20964753246403,49514700
2023-05-12,170.18417358398438,171.65356424240227,168.63587209674515,171.21964497087455,45533100
2023-05-15,169.6910858154297,170.815324358024,169.09937498339835,170.76601261404946,37266700
2023-05-16,169.6910858154297,170.74628490689332,169.42481443623242,169.61219003463674,42110300
2023-05-17,170.30250549316406,170.53917778241149,168.06388478776768,169.3360585337975,57951600
2023-05-18,172.62986755371094,172.81724313624747,170.19401507639674,170.60820660461047,65496700
2023-05-19,172.7383575439453,173.95134816577144,172.5213979143073,173.95134816577144,55809500
2023-05-22,171.79161071777344,172.2945693897219,171.05197977463047,171.57465110395842,43570900
2023-05-23,169.1881103515625,170.9829553293692,168.9119826700276,170.7364116817252,50747300
2023-05-24,169.46424865722656,170.03623176135926,168.16250594092847,168.72461766792532,45143500
2023-05-25,170.59835815429688,171.49576564962197,169.31632809947834,170.02637505144457,56058300
2023-05-26,173.00460815429688,173.33991896491864,170.71669083708804,170.92379413047703,54835000
2023-05-30,174.84877014160156,176.51540772383512,174.1288668535482,174.51347436884586,55964400
2023-05-31,174.7994384765625,176.87041104464083,174.3162075312564,174.87833424607143,99625300
2023-06-01,177.6001739501953,177.62975798334406,174.4838587106697,175.24321733975688,68901800
2023-06-02,178.4482879638672,179.2668146743205,176.78165050926717,178.52718373632618,61996900
2023-06-05,177.0972442626953,182.3929972823034,175.57852688511534,180.10507993454968,121946500
2023-06-06,176.73233032226562,177.6297376380402,174.97692595213158,177.4818174892389,64848400
2023-06-07,175.361572265625,178.70470351330488,174.8684849721747,175.97299569419778,61944600
2023-06-08,178.0735626220703,178.33981894141047,175.0065588784877,175.44046308150416,50214900
2023-06-09,178.4581298828125,179.71056056331065,178.1326905180746,178.99065744922063,48900000
2023-06-12,181.2490234375,181.34764691680866,178.468018885392,178.7638742754878,54274900
2023-06-13,180.77566528320312,181.60404834381112,179.91769818813273,180.2727216495119,54929100
2023-06-14,181.4068145751953,181.84073380664427,179.50350482104812,180.83483150172444,57462900
2023-06-15,183.43836975097656,183.94132853129034,181.2392041529346,181.41672344240808,65433200
2023-06-16,182.36341857910156,184.4048073735327,181.7224110612984,184.14839232814637,101256200
2023-06-20,182.45216369628906,183.52710548415504,181.86046794433722,181.86046794433722,49799100
2023-06-21,181.41665649414062,182.84660642171352,180.06558727963176,182.3436478270068,49515700
2023-06-22,184.41464233398438,184.46395407144706,181.1306792503188,181.19971869233248,51245300
2023-06-23,184.0990447998047,184.96688315796402,182.45213522308205,182.9846778693447,53117000
2023-06-26,182.7085723876953,185.4501365723536,182.6691169769034,184.24700235631448,48088700
2023-06-27,185.45999145507812,185.78543087633778,183.10303478095216,183.31999439512526,50730800
2023-06-28,186.63351440429688,187.2745217767789,185.00633258317922,185.33175690914044,51216800
2023-06-29,186.96885681152344,187.44223149955704,186.3278492789131,186.46591313429835,46347300
2023-06-30,191.2882843017578,191.79122791985353,188.6157445714927,188.98063939826477,85213200
2023-07-03,189.79916381835938,191.19952989799955,189.10882958307744,191.10090642215079,31458200
2023-07-05,188.68479919433594,190.31198136153697,187.98460856583768,188.92148652956726,46920300
2023-07-06,189.15814208984375,189.36524537083605,186.5842258571581,187.2153769807983,45094300
2023-07-07,188.0437774658203,190.0062704618662,187.60987325439862,188.76369580404943,46815000
2023-07-10,186.00241088867188,187.36333679085425,184.45410938571575,186.6434184249519,59922200
2023-07-11,185.479736328125,186.68287064614393,184.02020200954667,186.54480679233018,46638100
2023-07-12,187.1463623046875,189.04967210294507,185.86433228601203,187.05759515232103,60750200
2023-07-13,187.9057159423828,188.54673850979384,187.15622860664624,187.86627557643092,41342300
2023-07-14,188.0536346435547,188.53685056119244,187.00829198764853,187.59998771190843,41616200
2023-07-17,191.30801391601562,191.63345333608896,189.15814548736353,189.24689758888442,50520200
2023-07-18,191.05160522460938,191.64331601668746,189.75971887799713,190.6768691009351,48288200
2023-07-19,192.4026641845703,195.48938034906212,189.9865244553515,190.4303150490968,80507300
2023-07-20,190.4598846435547,193.7537038386121,189.83858989767532,192.39277822300156,59581200
2023-07-21,189.28634643554688,192.2744541324422,188.58615588066942,191.4164870851642,71951700
2023-07-24,190.0851593017578,192.21530010696893,189.59207198839397,190.73603816687742,45377800
2023-07-25,190.94314575195312,191.7518162507371,190.25282645288883,190.6571617022808,37283200
2023-07-26,191.81097412109375,192.93521264770516,190.64729522856234,190.9924473358141,47471900
2023-07-27,190.54869079589844,194.47366217807738,189.8879555038913,193.30998316918408,47460200
2023-07-28,193.12255859375,193.91150122150714,191.45592124266818,191.9785925358936,48291400
2023-07-31,193.7340087890625,193.77346420221568,192.56045853696887,193.34940127389015,38824100
2023-08-01,192.9056396484375,194.01015053136803,192.58020018161,193.52693454400202,35175100
2023-08-02,189.91751098632812,192.48155598125388,189.19760772385698,192.3434921357412,50389300
2023-08-03,188.52699279785156,189.7103992851957,188.05363321247987,188.92147165885288,61235200
2023-08-04,179.47393798828125,184.7894189873242,179.40489853673822,182.95513345446872,115956800
2023-08-07,176.37733459472656,180.59816071157974,174.89807268327345,179.6119861039443,97576100
2023-08-08,177.314208984375,177.77771228390873,175.12490000933562,177.20572916857282,67823000
2023-08-09,175.72642517089844,178.42853349511947,174.56273151146587,178.36936543660772,60378500
2023-08-10,175.50950622558594,178.25107058876787,175.14462641506705,176.9986245515979,54686900
2023-08-11,175.56875610351562,176.38838822312198,174.34425781198718,175.10464195853916,52036700
2023-08-14,177.21786499023438,177.44498719165242,175.09471767076215,175.746475363334,43675600
2023-08-15,175.23300170898438,177.23763842738072,174.8380051896738,176.64514364841483,43622600
2023-08-16,174.36398315429688,176.30935657463468,174.29485048513217,174.9169842350172,46964900
2023-08-17,171.8260955810547,175.29223725703497,171.31258808782235,174.9268647491592,66062900
2023-08-18,172.3099822998047,172.91236175457905,169.81159252872837,170.14734105941557,61172200
2023-08-21,173.6431427001953,173.92952802889707,171.5693880510013,172.8827735295677,46311900
2023-08-22,175.0157470703125,175.46012191641384,174.04799506153495,174.8478727981476,42038900
2023-08-23,178.85711669921875,179.28175219727777,176.1019810531239,176.28960964053493,52722800
2023-08-24,174.17636108398438,178.83739189345877,173.81097351698816,178.41275636104422,54945800
2023-08-25,176.37847900390625,176.91172570988553,173.62334339807447,175.1638506244018,51449600
2023-08-28,177.93878173828125,178.33377827348758,176.31927183489213,177.8400250704037,43820700
2023-08-29,181.8196563720703,182.58991008586239,177.2573820568172,177.45488030453177,53003900
2023-08-30,185.30557250976562,185.5030858470339,182.43194029759772,182.62943856671393,60813900
2023-08-31,185.5228271484375,186.75721017905872,185.13770024560978,185.49320316115478,60794500
2023-09-01,187.09295654296875,187.54720101813678,185.92769123419916,187.12258052751662,45766500
2023-09-05,187.32994079589844,187.6064413525269,185.26605625958229,185.92768366781115,45280000
2023-09-06,180.62478637695312,186.4905763861184,179.20277485131902,186.04618648324464,81755800
2023-09-07,175.34164428710938,175.98353252575788,171.37186410651492,172.99137409505227,112488800
2023-09-08,175.95384216308594,177.98811753082185,175.56871535945672,176.12173147198052,65551300
2023-09-11,177.119140625,178.0473990105972,175.12437356668377,177.82027676778657,58953100
2023-09-12,174.0973663330078,177.87951732730735,172.6358612060169,177.24751388848827,90370200
2023-09-13,172.0334930419922,175.0848841389881,171.80635572558617,174.30474566083996,84267900
2023-09-14,173.54437255859375,173.89987544974738,171.41135521167203,171.82610607332606,60895800
2023-09-15,172.8234405517578,174.29483009436805,171.64832092677912,174.27507575289644,109259500
2023-09-18,175.74652099609375,177.13890868226434,173.96900640397726,174.2751309871455,67257600
2023-09-19,176.832763671875,177.38576479928514,174.91699900323943,175.30212586469654,51826900
2023-09-20,173.29750061035156,177.45489404541186,173.20861358406935,177.0203888259045,58436200
2023-09-21,171.7569580078125,174.0973581099587,171.6878404044714,172.36922214048295,63149100
2023-09-22,172.6062469482422,174.86764517240317,171.87550181385268,172.48775099523908,56725400
2023-09-25,173.88009643554688,174.75897636563758,171.97420160197885,172.02357992644104,46172700
2023-09-26,169.81158447265625,173.01109513731117,169.51532957863083,172.63585300181884,64588900
2023-09-27,168.3007049560547,170.87809720821267,166.93795639924983,170.4633463371719,66921800
2023-09-28,168.55746459960938,169.8807195182162,165.5258128129139,167.2243249736919,56294400
2023-09-29,169.0709686279297,170.90773103963988,168.21182785802986,169.87084635964763,51861100
2023-10-02,171.5792236328125,172.12235512412923,168.79444856905252,169.0808338409062,52164500
2023-10-03,170.24606323242188,171.46070671019788,168.68581669291316,170.1078129668395,49594600
2023-10-04,171.49034118652344,172.03347264460572,168.83394692911625,168.95244285882518,53020300
2023-10-05,172.7247314453125,173.2579782200924,170.52258153582127,171.61871413723316,48527900
2023-10-06,175.2725067138672,175.76625988669193,171.0163417068709,171.6286058875163,57266700
2023-10-09,176.75375366210938,176.81300162773064,173.60360623261292,174.60098214625398,42390800
2023-10-10,176.1612548828125,177.47464011941017,175.72674968355904,175.8748846750232,43698000
2023-10-11,177.55364990234375,177.60302823490863,175.38113888285298,175.9736336691769,47551100
2023-10-12,178.45223999023438,180.06186474127756,176.80309148754606,177.82023666760716,56743100
2023-10-13,176.61550903320312,179.6570151987734,175.91437292525092,179.1533924067404,51427100
2023-10-16,176.4871368408203,176.84263973108403,174.3047411678942,174.54174811745375,52517000
2023-10-17,174.93673706054688,176.19087429527403,172.61610626933813,174.44298390478113,57549400
2023-10-18,173.6431427001953,175.36140946794492,172.9222671603436,173.3863964297676,54764400
2023-10-19,173.2678680419922,175.61812287122567,173.00123711265553,173.84060845589931,59302900
2023-10-20,170.72010803222656,173.2283676109075,170.48310107616433,173.11974130623128,64244000
2023-10-23,170.83860778808594,171.8359838309846,167.80695589693704,168.77472302133776,55980100
2023-10-24,171.27308654785156,171.50020876645127,169.3079436842464,170.8879597127696,43816600
2023-10-25,168.9623565673828,170.89786073622298,168.5179666183954,169.73261037900426,57157000
2023-10-26,164.804931640625,169.2388405091802,163.600172706508,168.2414494672427,70625300
2023-10-27,166.1183319091797,166.8490920877316,164.74569858206283,164.8247009041889,58499100
2023-10-30,168.1624298095703,169.0314401165317,166.7601727667049,166.90830774256386,51131000
2023-10-31,168.636474609375,168.76484019690602,165.80232095364974,167.23421730907862,44846000
2023-11-01,171.79647827148438,172.05322449399938,167.99457285522465,168.86358325166134,56934900
2023-11-02,175.35150146484375,175.5588693503195,173.26786256268767,173.32711052996643,77334800
2023-11-03,174.4429931640625,174.61088250590672,171.18423421755685,172.06311427874405,79829200
2023-11-06,176.99075317382812,177.18825142381783,174.00849494223715,174.17636920813592,63841300
2023-11-07,179.54843139648438,180.1606805785339,176.7340319643902,176.94139988237026,70530000
2023-11-08,180.6050262451172,181.15802736111343,179.32126504404005,180.07177947416378,49340300
2023-11-09,180.1310272216797,181.81965455110011,179.53851741631973,180.67415869856794,53763500
2023-11-10,184.3136749267578,184.48178544542026,181.475802800193,181.9108804268445,66133400
2023-11-13,182.73158264160156,183.9478113332898,182.14818998578377,183.7401702602705,43627500
2023-11-14,185.34205627441406,186.0045554032819,184.21481647353394,185.59914075952597,60108400
2023-11-15,185.90565490722656,187.3789832148446,185.67823345303117,185.7474572062222,53790500
2023-11-16,187.5866241455078,188.8226331691939,186.53847581950137,187.44819173837502,54412900
2023-11-17,187.56687927246094,188.24915879673333,186.45941980581802,188.1206090057824,50922700
2023-11-20,189.30714416503906,189.76200213676566,187.75472463510502,187.76460727588125,46505100
2023-11-21,188.5062255859375,189.37638084971888,187.61630503925363,189.2676114417462,38134500
2023-11-22,189.1687469482422,190.77061015607987,188.69412360666138,189.3467401313375,39617700
2023-11-24,187.84373474121094,188.76331834061182,187.13179223741543,188.7336553269539,24048300
2023-11-27,187.66571044921875,188.5358656068872,186.7856726513042,187.79426021241986,40552600
2023-11-28,188.26890563964844,188.9413024556769,187.2800983304318,187.65584993609482,38415400
2023-11-29,187.25045776367188,189.9400151741752,186.85494082777598,188.7633319210795,43014200
2023-11-30,187.8239288330078,188.18979776505014,186.08363355367433,187.71515943504943,48794400
2023-12-01,189.09950256347656,189.4159130354433,187.11199034893104,188.1996843513192,45704800
2023-12-04,187.3097381591797,187.92280887485518,185.35190415389414,187.85358512953687,43389500
2023-12-05,191.25511169433594,192.22413865175915,188.05137051787239,188.08104861869373,66628400
2023-12-06,190.16741943359375,192.58009647341478,189.95976327032974,192.27356863697858,41089700
2023-12-07,192.09561157226562,192.817436726138,191.42321471638212,191.4627754603769,47477700
2023-12-08,193.5194854736328,193.79635031367135,191.50231010992096,192.02637677770835,53406400
2023-12-11,191.01779174804688,191.3243346926335,189.27749628821252,190.9485830810774,60943700
2023-12-12,192.53065490722656,192.54053754746204,189.5741159727842,190.91889435682484,52696900
2023-12-13,195.74432373046875,195.78386938859322,192.66913204715806,192.90643617191267,70404200
2023-12-14,195.89260864257812,197.38570218691584,193.96443748585023,195.80361960949875,66831600
2023-12-15,195.3586883544922,196.17938523204796,194.7950608853233,195.3191276085836,128538400
2023-12-18,193.69747924804688,194.42920214917604,192.21426816132805,193.89523770867535,55751900
2023-12-19,194.73573303222656,194.74561567460933,193.6974822378966,193.964464462268,40714100
2023-12-20,192.64930725097656,195.46739869863922,192.64930725097656,194.69613029502625,52242800
2023-12-21,192.50100708007812,194.8741537657828,191.33422165280876,193.9051267903215,46482500
2023-12-22,191.43309020996094,193.22282892375426,190.81013681243016,192.9953923922105,37149600
2023-12-26,190.88925170898438,191.719846217368,190.6717128965979,191.44298138124012,28919300
2023-12-27,190.98814392089844,191.33423254727063,188.95120308408815,190.3355425015734,48087700
2023-12-28,191.413330078125,192.4812438348005,191.00791544042355,191.96705978425237,34049900
2023-12-29,190.3750762939453,192.2241411947973,189.5840274029703,191.72973752393827,42672100
