Date,Close,High,Low,Open,Volume
2015-01-02,169.68783569335938,170.88556456408185,168.65531949719002,170.47255808561408,121465900
2015-01-05,166.62335205078125,168.81228157325947,166.31773125812248,168.64708148544278,169632600
2015-01-06,165.05393981933594,167.44937271154942,164.26096171619886,166.928980437492,209151400
2015-01-07,167.11065673828125,167.44932502984875,165.9294644192436,166.3755058100245,125346700
2015-01-08,170.07606506347656,170.2908365016817,168.49838987366132,168.51490105817123,147217800
2015-01-09,168.713134765625,170.5055812455194,168.10188068241575,170.48905745841736,158567300
2015-01-12,167.39154052734375,169.0022760675028,166.78855452639888,168.84533157044453,144396100
2015-01-13,166.9207305908203,169.729170120032,165.6238839596993,168.60579178755538,214553300
2015-01-14,165.9129638671875,166.111211515272,164.0213997320499,164.91348263853635,192991100
2015-01-15,164.39309692382812,166.86286751898896,164.2774556177399,166.54899117615352,176613900
2015-01-16,166.5489959716797,166.70594044959492,164.00487456052744,164.18659841874955,211879600
2015-01-20,166.9041748046875,167.44934637710867,165.34301083199585,167.18501618298058,130991100
2015-01-21,167.74671936035156,168.22580840656576,165.97905206760984,166.4416173249317,122942700
2015-01-22,170.24130249023438,170.37345500531438,167.12722961914895,168.49841437027467,174356000
2015-01-23,169.30787658691406,170.24127526039032,169.17571148901422,169.98520065672528,117516800
2015-01-26,169.7043914794922,169.7952534260455,168.3827780615787,169.09314984264265,92009700
2015-01-27,167.46591186523438,168.6058014503683,166.63989870883796,167.6558913620966,134044600
2015-01-28,165.31826782226562,168.74621728030513,165.1282883309134,168.64709973767964,168514300
2015-01-29,166.84629821777344,167.10236012034943,164.11218578342135,165.51641735901677,173585400
2015-01-30,164.74830627441406,166.9950628601836,164.48398864289024,165.6734494946458,197729700
2015-02-02,166.78854370117188,166.87940563546837,163.4349329327051,165.24390342208943,163107000
2015-02-03,169.20054626464844,169.20881446344757,167.3089815220046,167.68068495307872,124212900
2015-02-04,168.5561981201172,169.64654124823144,168.10188848340294,168.44055681294967,134306700
2015-02-05,170.25779724121094,170.40648613676643,169.14268724235677,169.2170253881554,97953200
2015-02-06,169.7869873046875,171.18295139519486,169.26659504269838,170.62125595934074,125672000
2015-02-09,169.027099609375,169.8613684753199,168.62234856932292,169.14274096310956,87219000
2015-02-10,170.82774353027344,171.08380553916865,169.0683318377307,170.05955750358785,96164200
2015-02-11,170.92686462402344,171.3563949145991,170.01825788329432,170.6625470171787,91087800
2015-02-12,172.5706787109375,172.6285056856697,170.95995546858762,171.7198861110306,97545900
2015-02-13,173.281005859375,173.33056462266381,172.43846907159076,172.69454368851316,93670400
2015-02-17,173.55360412597656,173.72707241390395,172.71933547479566,172.9671293090362,76968200
2015-02-18,173.5701141357422,173.64445228011232,172.91755681349412,173.18188702097638,80652900
2015-02-19,173.44619750976562,173.80964522816615,172.83495598696246,172.9753766774431,91462500
2015-02-20,174.48703002929688,174.56136819112083,172.41372886493664,173.03323875472503,140896400
2015-02-23,174.4622039794922,174.4622039794922,173.85920543986055,174.2391769497112,74411100
2015-02-24,174.95782470703125,175.15607237940614,174.09050847083483,174.38787367741764,72472300
2015-02-25,174.80908203125,175.3129503120881,174.47041377935219,174.83386140539332,73061700
2015-02-26,174.6025848388672,174.87517056775698,173.99958643679824,174.7182261234912,72697900
2015-02-27,174.00791931152344,174.7678498363769,173.95836054311377,174.5035195995795,108076000
2015-03-02,175.10650634765625,175.16432070555928,174.05746627296082,174.10702503800874,87491400
2015-03-03,174.38783264160156,175.15603116282256,173.52878480470744,174.67694218695533,110325800
2015-03-04,173.6527099609375,173.86748140808916,172.68627626062957,173.7931306588669,114497200
2015-03-05,173.8426513671875,174.12349268120684,173.33878307840953,173.97480383004958,76873000
2015-03-06,171.39767456054688,173.41314802743403,171.06727444635007,172.98361779581307,188128000
2015-03-09,172.10806274414062,172.46324227095045,171.43899425580943,171.5959387365701,89818900
2015-03-10,169.31613159179688,170.82773680839537,169.27482842335175,170.74514307546252,157121300
2015-03-11,168.91969299316406,169.7457061618348,168.8370866347127,169.57223785067123,110145700
2015-03-12,171.0673065185547,171.13337647061587,169.497874171987,169.5474329380123,93993500
2015-03-13,170.01824951171875,171.7528691698583,168.9857333090318,170.79470371277253,162410900
2015-03-16,172.28976440429688,172.38062632334677,170.04300840956867,170.74512438440473,136099200
2015-03-17,171.7776641845703,172.15762309564545,170.96816239253445,171.55463715174756,94510400
2015-03-18,173.8426513671875,174.51171968750896,170.67075278336236,171.3067861389569,228808500
2015-03-19,173.04974365234375,173.8509773639673,172.66151648881646,173.42971522233455,117917300
2015-03-20,174.5772247314453,175.08334236742368,173.81390205525543,173.9964371148031,177715100
2015-03-23,174.23703002929688,175.1579976944319,174.23703002929688,174.5855025701291,71784500
2015-03-24,173.25804138183594,174.568956856019,173.19166383146083,174.11263177005281,77805300
2015-03-25,170.71908569335938,173.69771863356073,170.67761081709924,173.46540362154204,159521700
2015-03-26,170.31256103515625,171.22522364528578,169.358398223387,170.0553560026632,153067200
2015-03-27,170.70254516601562,170.87677514019603,170.00558728862822,170.19642747397884,118939000
2015-03-30,172.78504943847656,173.08374198713193,171.71474185758936,171.73132674457867,96180400
2015-03-31,171.27499389648438,172.66060427186957,171.21692146997367,171.963646532205,126768700
2015-04-01,170.66928100585938,171.2666659960578,169.68193601760873,171.2417760098176,137303600
2015-04-02,171.2832489013672,171.731281275616,170.42035391806584,170.6028889083713,86900900
2015-04-06,172.43653869628906,172.95094860378316,170.26272892181655,170.39547128941044,114368200
2015-04-07,171.98028564453125,173.2082386041695,171.947103201394,172.46151336146764,81236300
2015-04-08,172.56101989746094,173.0007599290921,171.81429488606952,172.20425493830373,89351900
2015-04-09,173.3242950439453,173.5566099910623,171.9055153783535,172.39503525547744,85548900
2015-04-10,174.2702178955078,174.31170543599447,173.37415285413942,173.57327279212356,72722900
2015-04-13,173.48194885253906,174.75969378678676,173.43216888423098,174.12911376097568,74436600
2015-04-14,173.81385803222656,173.9963930455423,172.66057553548654,173.2828505371855,75099900
2015-04-15,174.59378051757812,175.09989806919253,174.19552802686758,174.27850309836572,99529300
2015-04-16,174.5440673828125,175.05018512825168,174.06283963631105,174.2619722880361,68934900
2015-04-17,172.5360870361328,173.5981018667744,171.75616712545826,173.35749447273557,191113200
2015-04-20,174.11264038085938,174.44451548892474,173.37420750422365,173.45716995112807,92189500
2015-04-21,173.9051513671875,174.95056896762836,173.60645881560166,174.79292391814982,72559800
2015-04-22,174.75973510742188,174.94227014118775,173.3243448273341,174.24531243943684,78264600
2015-04-23,175.19947814941406,175.8466432219657,174.24531542741792,174.36147293633184,102585900
2015-04-24,175.6060333251953,175.87154345258304,175.15800081050318,175.6143384293135,61327400
2015-04-27,174.8759307861328,176.29471116892657,174.6850906072183,176.17026119156623,79358100
2015-04-28,175.43177795410156,175.48155793071655,173.68111036857317,174.8509904598969,86863500
2015-04-29,174.70993041992188,175.30730275659872,173.90512042855713,174.54398029617153,125684900
2015-04-30,172.9593048095703,174.52743764078912,172.2623470377464,174.1374775440112,161304900
2015-05-01,174.8344268798828,174.87591442186115,173.63965656814005,173.73921654071185,103399700
2015-05-04,175.33221435546875,175.91300183759805,175.14967933819705,175.25753173188116,70927200
2015-05-05,173.3242950439453,175.44833731220987,173.1832475874968,175.09155979042768,113326200
2015-05-06,172.61080932617188,174.17894206411373,171.5487941735033,173.87195706754807,135060200
2015-05-07,173.29942321777344,173.72257829166836,172.17933588972457,172.51121080317245,88244900
2015-05-08,175.58114624023438,175.78027883907203,174.8842011346324,174.96717621586973,155877300
2015-05-11,174.74317932128906,175.80519468415648,174.66850933332694,175.5396971735505,75708100
2015-05-12,174.2203826904297,174.7596952253769,173.09199031203326,173.9133977765256,119727600
2015-05-13,174.2536163330078,175.2492539083147,174.02130132077684,174.62697884122056,94667900
2015-05-14,176.07070922851562,176.16197676947698,174.99209628812372,175.2658989110078,95934000
2015-05-15,176.26153564453125,176.40258317781456,175.78030794615304,176.26153564453125,76510100
2015-05-18,176.80909729003906,177.05799719315343,176.02917716636372,176.09555469393385,74549700
2015-05-19,176.75103759765625,177.19908280806544,176.46894256012197,176.92528021508664,72114600
2015-05-20,176.6265411376953,177.3732660782015,176.31125108448646,176.85055102371675,76857500
2015-05-21,177.14100646972656,177.34843153585038,176.31959865019664,176.48554883127272,64764600
2015-05-22,176.71783447265625,177.17415941398292,176.65145694332057,176.75930935079924,57433500
2015-05-26,174.8178253173828,176.65146828487644,174.40297522756453,176.22831309072097,124308600
2015-05-27,176.4771728515625,176.70948781950406,174.86755295924152,175.27411048324737,93214000
2015-05-28,176.27809143066406,176.3859438363147,175.58943881822523,176.17022636479442,74974600
2015-05-29,175.18284606933594,176.25315342904204,174.9173486699629,176.21167855992059,124919600
2015-06-01,175.5396270751953,176.1784869307174,174.75140198295153,175.84661200993233,93338800
2015-06-02,175.36538696289062,176.05403946034752,174.46101702993104,175.08329201026015,91531000
2015-06-03,175.83004760742188,176.45232269634687,175.34052757592013,175.8964251361335,87820900
2015-06-04,174.34486389160156,175.78024133719322,174.02957384242922,175.12478391204863,151882800
2015-06-05,174.04620361328125,174.71825870761285,173.39073340655372,174.19554356303513,121704700
2015-06-08,172.97584533691406,174.0876529129266,172.901175378439,173.9383003357597,89063300
2015-06-09,172.9510040283203,173.49031675404825,172.32043643447227,172.9510040283203,105034700
2015-06-10,175.0251922607422,175.40685978717306,173.65619248288448,173.71426489286685,134551300
2015-06-11,175.58941650390625,175.971071417342,175.23263891764168,175.46495390674622,73876400
2015-06-12,174.24530029296875,175.4649603607381,173.97149776140645,174.76801536778927,135382400
2015-06-15,173.4985809326172,173.78067591599498,172.40337077095992,173.1086208896227,124384200
2015-06-16,174.44444274902344,174.52741782155275,173.17500263268036,173.3492325606859,85308200
2015-06-17,174.7265625,175.33225276281615,173.70603479640596,174.7265625,126708600
2015-06-18,176.54359436035156,177.00822441202155,174.75974412764305,175.3239341446082,165867900
2015-06-19,175.75987243652344,176.37684161534378,175.38469380583308,176.3018084335659,130478700
2015-06-22,176.6603546142578,177.24396738249402,176.45192057404458,176.67703289958004,70696000
2015-06-23,176.7853240966797,177.1188260321435,176.39347999543156,176.86870276099515,68476800
2015-06-24,175.50146484375,176.89380272943305,175.47645377624346,176.51862399503057,92307300
2015-06-25,174.9678192138672,176.1267116240838,174.8927860349281,176.00165632585197,97107400
2015-06-26,174.93446350097656,175.56809817200963,174.384194782506,175.3263076494394,104174800
2015-06-29,171.26605224609375,174.9428311592116,171.19101905728778,173.45878205663925,202621300
2015-06-30,171.6245880126953,172.85018114556345,171.1493523105692,172.80014629128402,182925100
2015-07-01,173.00021362304688,173.44209266901464,172.21649977644702,173.19196933387408,135979900
2015-07-02,172.841796875,173.6421889804988,172.4249289021321,173.4754443357118,104373700
2015-07-06,172.34994506835938,173.12531361343667,171.35779697336875,171.55789823748768,117975400
2015-07-07,173.43380737304688,173.55886271395502,170.17389578745733,172.55004903915003,173820200
2015-07-08,170.52401733398438,172.3832449894244,170.29057227957045,172.0997778121791,164020100
2015-07-09,170.83248901367188,172.87515224406943,170.72411199229873,172.61668341636218,144113100
2015-07-10,172.98353576660156,173.4004037522597,170.87418477691543,172.82512389656327,129456900
2015-07-13,174.89280700683594,175.0011840376992,174.20080458943872,174.24249393444856,106069400
2015-07-14,175.6514129638672,175.95990379171525,174.7926662996171,174.85103389903017,81709600
2015-07-15,175.59317016601562,176.15177185705397,175.1179344564702,175.69321443252878,97914100
2015-07-16,177.00218200683594,177.00218200683594,176.40189097866778,176.6436688574949,106683300
2015-07-17,177.15220642089844,177.21057404232326,176.58527209631774,176.99379455908894,89030000
2015-07-20,177.24391174316406,177.73581287041966,176.92710075231818,177.37731254025718,70446800
2015-07-21,176.54359436035156,177.36899756318357,176.24344889766735,177.11052872219872,77965000
2015-07-22,176.22677612304688,176.56027815967443,175.82658640089568,175.8599302436575,88667900
2015-07-23,175.23460388183594,176.4601966622729,174.876103554315,176.3601524260903,90509100
2015-07-24,173.4170379638672,175.39298764276856,173.08354874880976,175.33463275494265,117755000
2015-07-27,172.40826416015625,173.04191167062774,171.96638509196006,172.53333219491864,132361100
2015-07-28,174.52593994140625,174.66767351979433,172.41658910232414,173.24197951304296,123544800
2015-07-29,175.72657775878906,175.9516773670981,174.50931734159477,174.65105096520566,105791300
2015-07-30,175.76820373535156,175.9349483664293,174.60096587420767,175.21793500317514,91304400
2015-07-31,175.50146484375,176.29351166566732,175.21799759747296,176.26850059816078,103266900
2015-08-03,174.909423828125,175.52639288566456,173.95896554703882,175.4680379963532,113965700
2015-08-04,174.567626953125,175.29297311573126,174.08405860412074,174.83441582600307,81820800
2015-08-05,175.14291381835938,176.1767382349005,174.85943393213935,175.4597248225571,85786800
2015-08-06,173.7089080810547,175.43473505916185,173.12528267877659,175.32634530357268,116030800
2015-08-07,173.3753662109375,173.70052268121708,172.47492997282495,173.55045633576466,117858000
2015-08-10,175.5597686767578,175.64313463087947,174.48424227765,174.48424227765,80270700
2015-08-11,173.97573852539062,174.64273005734745,173.2170354987672,174.22586194010012,126081400
2015-08-12,174.18411254882812,174.36753547494192,171.2160146125157,172.67505252000194,172123700
2015-08-13,173.9673309326172,174.7093553533563,173.42539498015836,174.025685828599,89383300
2015-08-14,174.6009979248047,174.67603111429312,173.63386107650172,173.7755946750251,72786500
2015-08-17,175.5764923095703,175.5764923095703,173.55051957690992,174.00907700255445,79072600
2015-08-18,175.06784057617188,175.65145309465998,174.83439556877664,175.30128558356714,71692700
2015-08-19,173.68385314941406,175.09285600718206,172.87512838151815,174.3258205748909,172946000
2015-08-20,170.05714416503906,173.65887730749114,169.99877653472075,172.1748281472573,194327900
2015-08-21,164.93804931640625,170.03217848117302,164.67959310585147,168.18961571016973,346588500
2015-08-24,157.99293518066406,164.64614334806805,152.0734058714553,156.31713079104918,507244300
2015-08-25,156.1337127685547,162.95366576557146,155.84190013873254,162.93698748683326,369833100
2015-08-26,162.1282958984375,162.4034175624489,157.0508343737949,160.1440002975013,339257000
2015-08-27,166.13856506347656,166.26362036631141,162.75359916753715,164.2626591901485,274143900
2015-08-28,166.14683532714844,166.61372524445684,165.0129543614869,165.49652255349804,160414400
2015-08-31,164.80459594726562,166.02185612224434,164.2543271261738,165.1714418279935,163298800
2015-09-01,159.88555908203125,162.3867671258326,159.0184665026377,161.01109506866067,256000400
2015-09-02,162.92030334472656,162.96199267591675,160.4274289124073,162.26164498859575,160269300
2015-09-03,163.0370635986328,165.1214034229012,162.54516245333764,163.62900898451664,152087800
2015-09-04,160.5692138671875,161.62806215377893,159.75215614582967,160.78599337005926,207081000
2015-09-08,164.60447692871094,164.75455600996594,162.7202383253575,163.36221854722507,116025700
2015-09-09,162.4033966064453,166.3052869032578,162.03656352783142,166.18023161757117,149347700
2015-09-10,163.2871856689453,164.42939981290357,161.9532031029294,162.21165920366735,158611100
2015-09-11,164.02923583984375,164.09593625077846,162.18667356295515,162.89535429755907,119691200
2015-09-14,163.42056274414062,164.25429861131062,162.93699441456607,164.20427649476838,79452000
2015-09-15,165.4632568359375,165.90513591068714,163.3789167770044,163.92084010360617,113806200
2015-09-16,166.89727783203125,167.08904628489455,165.42157417041264,165.76340900711406,99581600
2015-09-17,166.5220947265625,169.1567036506817,166.14691605513212,166.7638853009481,276046600
2015-09-18,163.8008575439453,166.5078213622885,163.3902112311698,164.01876403278732,223657500
2015-09-21,164.64730834960938,165.669742422647,163.59972040089897,164.63054336180713,105726200
2015-09-22,162.51025390625,162.97119523935484,161.37885361480554,162.4851128142571,153890900
2015-09-23,162.25042724609375,163.14715588396928,161.67215665007348,162.67783852718148,92790600
2015-09-24,161.66380310058594,162.12474445816738,159.70272109335767,161.03525019150445,159378800
2015-09-25,161.62188720703125,163.42373351263564,160.7502868003842,163.12202764694086,155054800
2015-09-28,157.5656280517578,160.8341106320066,157.2555460629324,160.72515737628274,178515900
2015-09-29,157.6578369140625,159.0155199795745,156.66053085567307,157.78355517661606,159045600
2015-09-30,160.5994110107422,160.7670225082803,158.76403506104677,159.5434342791708,163452000
2015-10-01,161.01846313476562,161.32016897733686,159.082522639908,160.97655705897594,131079000
2015-10-02,163.42373657226562,163.44887766254922,158.495878269638,159.04063173097632,211003300
2015-10-05,166.33184814453125,166.5581307533342,164.5383778401069,164.647331093964,126320800
2015-10-06,165.7619171142578,166.7592228059203,165.09984721152352,166.19771724589557,110274500
2015-10-07,167.11961364746094,167.4716016642994,165.50213120205433,166.69218957934794,124307300
2015-10-08,168.62820434570312,168.91314530305888,166.43245050481033,166.73415645611158,153055200
2015-10-09,168.72874450683594,169.20643806817367,168.1001915975367,168.77065059171088,107069200
2015-10-12,168.887939453125,169.0890681515825,168.37671603131454,168.80412730347533,56395600
2015-10-13,167.82362365722656,169.42434143886834,167.65601210879015,168.15884675409936,88038700
2015-10-14,167.01902770996094,168.34318034427724,166.72571077201667,167.76490977995587,99106200
2015-10-15,169.58360290527344,169.59197900820092,167.31242579347253,167.68117892937616,134142200
2015-10-16,170.35458374023438,170.37133594189658,169.22318351896553,169.9858306966226,114580100
2015-10-19,170.43841552734375,170.43841552734375,169.39921615727704,169.7092981902237,76523900
2015-10-20,170.22047424316406,170.83226203580736,169.75115687960545,170.00258054949444,78448500
2015-10-21,169.16452026367188,170.79036614497844,168.9968959484565,170.6395196068124,102038000
2015-10-22,172.0222930908203,172.231810651103,169.16448328739693,170.1114939640774,174911700
2015-10-23,173.90794372558594,174.27669666204596,172.89388593825737,173.6900500758307,144442300
2015-10-26,173.4805908203125,173.79067280838166,173.1118377599379,173.73201452401705,69033000
2015-10-27,173.1453094482422,173.48053241502902,172.4664618404037,172.8100736935189,77905800
2015-10-28,175.1148223876953,175.13996347879436,172.81851748104603,173.480587526555,135906700
2015-10-29,175.0142364501953,175.38298945811434,174.49463691427613,174.6119662542559,90525500
2015-10-30,174.25997924804688,175.5254737879926,174.10075660741566,175.20700293085025,131076900
2015-11-02,176.3216094970703,176.51436208500124,174.46109241234478,174.58681062981634,86270800
2015-11-03,176.8328399658203,177.38596945377594,175.74334597716359,175.96962854731606,95246100
2015-11-04,176.2965087890625,177.2519086361511,175.76014418697665,177.1262031778266,96224500
2015-11-05,176.12046813964844,176.8160680220549,175.23211566918215,176.35512680022677,78408700
2015-11-06,176.0283203125,176.26299181489833,174.70418019003608,175.77690939553904,110471500
2015-11-09,174.38568115234375,175.56736342301136,173.43865755824206,175.41650410925396,131008700
2015-11-10,174.78793334960938,174.8214633216322,173.6397811726082,173.90795700910348,75874600
2015-11-11,174.10076904296875,175.10645107827153,174.03372186888976,175.05616889469752,67846000
2015-11-12,171.6703338623047,173.5308511321067,171.65358166199235,173.06153376457812,121315200
2015-11-13,169.7427978515625,171.5278921550629,169.65899847215078,171.2597162378276,153577100
2015-11-16,172.32398986816406,172.38266092018162,169.4410263435248,169.55836844755993,117645200
2015-11-17,172.1983642578125,173.51412842756272,171.7039056813815,172.63416454297757,121123700
2015-11-18,174.930419921875,175.07289034629054,172.6341153557277,172.67600864272038,121342500
2015-11-19,174.77957153320312,175.1986067021689,174.4862417997517,174.81308872002745,88220500
2015-11-20,175.41648864746094,176.0953235296875,175.03935957821705,175.53381797540212,94011500
2015-11-23,175.21542358398438,175.97805809854208,174.754482204015,175.4752234196192,64931200
2015-11-24,175.4500732421875,175.85234352208911,173.82421434316055,174.20971963158328,98874400
2015-11-25,175.42495727539062,175.77694541921318,175.16514462805029,175.57580385648166,51980100
2015-11-27,175.62599182128906,175.82713327610182,175.03934522967256,175.51703860144005,37317800
2015-11-30,174.89688110351562,175.90256283779144,174.78792787975726,175.78523351525823,112822700
2015-12-01,176.5646514892578,176.681993612213,175.2488877171369,175.5254524613775,97858400
2015-12-02,174.7628631591797,176.83289858748088,174.51143941876535,176.51442766375988,108441300
2015-12-03,172.31565856933594,175.28242221225327,171.59491750079425,175.01424632913574,166224200
2015-12-04,175.67630004882812,175.9696297821189,172.31564259922158,172.31564259922158,192913900
2015-12-07,174.61195373535156,175.76848206425177,173.64816520867367,175.34944691037563,102027100
2015-12-08,173.43862915039062,174.5616401740072,172.45808852935795,173.05312401114873,103372400
2015-12-09,172.0894012451172,174.88855377360304,171.11723635169787,172.8017663177648,162401500
2015-12-10,172.53355407714844,173.8409418923696,171.92176624832106,172.15642494397923,116128900
2015-12-11,169.189697265625,171.08373222295276,168.8796024470076,170.4216620739042,211173300
2015-12-14,170.04446411132812,170.1701823330511,167.57215920603662,169.3488769938021,182385200
2015-12-15,171.82957458496094,172.7346921593939,170.01933943609507,171.55300981600035,154069600
2015-12-16,174.34384155273438,174.6455475073482,171.63687685224656,172.95264116268487,197017000
2015-12-17,171.68710327148438,174.72091403822824,171.6703382828012,174.65386687143496,173092500
2015-12-18,168.6284942626953,171.08178369521318,168.46831115642496,170.94690416829022,251393500
2015-12-21,170.01950073242188,170.19654856782793,168.68746758464948,169.80031028938737,99094300
2015-12-22,171.56231689453125,171.85739236404658,169.9183562341986,170.9047326303982,111026200
2015-12-23,173.68690490722656,173.72906040239997,172.4728986849185,172.56563562867956,110987200
2015-12-24,173.40016174316406,173.9481571567803,173.180971296144,173.43389126673273,48539600
2015-12-28,173.0039825439453,173.0461251635995,171.93329500535015,172.7089070220809,65899900
2015-12-29,174.8502655029297,175.17905768630865,174.0662275518134,174.09994421962654,92640700
2015-12-30,173.61093139648438,174.6900574939759,173.46761307717205,174.6057465465948,63317700
2015-12-31,171.87423706054688,173.57721788903368,171.87423706054688,172.93649841504953,114877900
2016-01-04,169.4715118408203,169.47993778922142,167.422874343536,169.02469215873788,222353500
2016-01-05,169.7581787109375,170.21342442255937,168.65377466351708,169.7918953745946,110845800
2016-01-06,167.61683654785156,168.66222047693086,166.58830452056264,167.2121593520333,152112600
2016-01-07,163.59544372558594,166.45341046435007,163.2076312994672,164.67455717559412,213436100
2016-01-08,161.79971313476562,165.11293824156806,161.51307646082637,164.55651679400643,209817200
2016-01-11,161.9598846435547,163.05586269586863,160.02928734368356,162.7186317529785,187941300
2016-01-12,163.26666259765625,164.01698392014976,161.14215222113893,163.40155500404893,172330500
2016-01-13,159.19467163085938,164.2783112341863,158.81529803706786,163.93265430613445,221168900
2016-01-14,161.8081817626953,162.92945090371774,158.20833189652004,159.80171165185732,240795600
2016-01-15,158.33474731445312,159.13564997514615,156.40414983282272,157.45797250848364,324846400
2016-01-19,158.54551696777344,160.27378878445893,156.9774282612069,160.14733520491595,195244400
2016-01-20,156.5137481689453,158.07341096946286,152.61039748829143,155.99105620650136,286547800
2016-01-21,157.3905792236328,159.228440413078,155.6623068817454,156.98591478207572,195772900
2016-01-22,160.61944580078125,160.82177152815098,159.23683091955206,159.99557812528212,168319600
2016-01-25,158.19143676757812,160.3075081734972,157.997536987637,160.11360839355606,130371700
2016-01-26,160.34967041015625,160.62788116564204,158.51180967058326,158.84902781199466,141036800
2016-01-27,158.60458374023438,161.49626792911857,157.70250506138444,159.82701586924972,185681700
2016-01-28,159.43072509765625,160.3496553813156,157.78676430027338,160.14732966105083,143798800
2016-01-29,163.31723022460938,163.45212261959614,160.07988992920824,160.19791755880993,210529300
2016-02-01,163.25820922851562,164.04226001473677,161.73227600136582,162.31398819603547,136061600
2016-02-02,160.3159637451172,161.84189715589827,159.7932588700517,161.83347120425384,182564900
2016-02-03,161.2770233154297,161.68168761708515,157.7361817318406,161.3697602245639,205054900
2016-02-04,161.5299835205078,162.49949546847427,160.1473683537816,160.77966211046828,139531800
2016-02-05,158.45277404785156,161.58895134209288,157.82048044601333,161.01567798450176,180788300
2016-02-08,156.31983947753906,156.90997760538158,154.11103125730858,156.61491497348354,191526700
2016-02-09,156.32827758789062,157.60130371702277,154.44826138293897,154.5831537838088,184513100
2016-02-10,156.19337463378906,158.7815562592034,156.0669082029163,157.15446033381306,148214100
2016-02-11,154.16163635253906,155.2070332423687,152.66941960703548,153.72324244853974,219058900
2016-02-12,157.33993530273438,157.35678720240546,155.0889717482724,155.9320298374662,127632400
2016-02-16,159.99557495117188,160.02086566659136,158.18300507119434,159.14409084927416,120250700
2016-02-17,162.60902404785156,162.97997160988223,161.03249690922124,161.15896332211912,136009500
2016-02-18,161.94302368164062,162.9378389064611,161.63109630818496,162.87881866605304,102343000
2016-02-19,161.86715698242188,162.01890126735088,160.56041434022336,161.1674172080311,114793000
2016-02-22,164.2108612060547,164.35417954418443,163.37622902795616,163.4436752219077,103640300
2016-02-23,162.136962890625,163.82307932901813,162.01892239045185,163.5532945241324,111455300
2016-02-24,162.87881469726562,163.1570254008844,159.60775817044836,160.71216217133053,150812200
2016-02-25,164.85157775878906,164.86001657290862,162.5668974763839,163.3256446324791,110728300
2016-02-26,164.47225952148438,165.81271928483804,164.31207636786658,165.71999521069117,129833700
2016-02-29,163.18228149414062,165.4332444941881,162.9883817833165,164.48902378334816,125918100
2016-03-01,167.01824951171875,167.1025604717824,163.93265361565753,164.40476411830258,141799700
2016-03-02,167.76858520507812,167.81916663985717,166.29323332513397,166.70633648257544,102415000
2016-03-03,168.42613220214844,168.44299696468073,167.0182268357516,167.5915001214029,95172200
2016-03-04,168.97413635253906,169.74976115952904,167.7938601054609,168.62005347841563,129293600
2016-03-07,169.10902404785156,169.51370120479942,167.9793292621422,168.05520140505269,100219000
2016-03-08,167.26272583007812,168.54417777416353,167.10255559310772,168.03835062068885,123974900
2016-03-09,168.0889434814453,168.43458755741102,167.2880279218925,168.0720787159687,94801200
2016-03-10,168.22384643554688,169.51373746114254,166.40285029598266,168.5779422396233,156838700
2016-03-11,170.93846130371094,170.98061678289588,168.20696120355464,169.67387411243973,137964500
2016-03-14,170.7192840576172,171.17452982159008,170.10385517875008,170.43264735941028,73612000
2016-03-15,170.44100952148438,170.74451087189442,169.49678881533862,169.75813469907237,93169100
2016-03-16,171.427490234375,171.83216752439728,169.9184213738237,169.96057686620728,129303200
2016-03-17,172.51499938964844,173.02082657892635,170.94691066119776,171.34314903469127,134278500
2016-03-18,173.19288635253906,173.53184366636853,172.7013891962115,173.01492535802336,138372400
2016-03-21,173.4386444091797,173.66744772876373,172.70140507211255,172.9302083916966,72926700
2016-03-22,173.34544372558594,173.91320443773537,172.5065197008016,172.66751604840624,97471900
2016-03-23,172.2014617919922,173.150552830856,172.0319701661417,172.96412238673693,81052500
2016-03-24,172.125244140625,172.1591476495258,170.95583169154767,171.17615277780283,84360900
2016-03-28,172.22686767578125,172.7522554642158,171.77774335397856,172.54040388108646,62408200
2016-03-29,173.82000732421875,173.93017430072314,171.51506073997965,171.82012757996412,92922900
2016-03-30,174.58262634277344,175.3029138438038,174.21823495839973,174.81989904080604,86365300
2016-03-31,174.15896606445312,174.91315723940892,173.99795678040715,174.4894540415597,94584100
2016-04-01,175.3453369140625,175.53176736306241,172.85395994142385,173.16750911313966,114423500
2016-04-04,174.77755737304688,175.47243677743458,174.47249057387086,175.2690546011857,63497000
2016-04-05,173.03192138671875,174.78604597682616,172.7776968710869,173.43867285349214,99662200
2016-04-06,174.92161560058594,174.98094025112778,172.85394205681024,173.03190307804113,91839800
2016-04-07,172.82855224609375,174.1928772216563,172.09978214243185,173.83696804503958,113859000
2016-04-08,173.29457092285156,174.43857448496388,172.76070086981346,174.00638903997393,95040600
2016-04-11,172.88784790039062,174.62503351153455,172.79463268426892,173.93015409491906,83757500
2016-04-12,174.4979248046875,174.7775704690855,172.6166815572068,173.0573365069002,115350600
2016-04-13,176.260498046875,176.34524384309321,175.27750370447308,175.41309180626502,96336400
2016-04-14,176.2689971923828,176.76897678579215,175.92157040221767,176.3198524369293,65212900
2016-04-15,176.07406616210938,176.4045540759585,175.7520476556538,176.26896597530424,75761600
2016-04-18,177.31138610839844,177.34527668770005,175.41319040749877,176.0741666122834,82531000
2016-04-19,177.87054443359375,178.1247688628437,177.05704177646382,177.7349692776665,88316100
2016-04-20,178.0401153564453,178.73498198033556,177.43845103674758,177.91299661996968,81100300
2016-04-21,177.08250427246094,178.16718335548487,176.81132803650763,178.05701639332952,85695000
2016-04-22,177.08250427246094,177.3536675780196,176.18425561905624,176.7265951605682,99251700
2016-04-25,176.77745056152344,176.81982346782792,175.87071950211055,176.4808531477876,66166500
2016-04-26,177.0401611328125,177.5486101955067,176.56561557050952,177.14184577319264,75864200
2016-04-27,177.40455627441406,177.79435602411078,176.30292523630249,176.6588344153114,77329400
2016-04-28,175.79443359375,177.751940069478,175.37921278398585,176.65032222852545,97216200
2016-04-29,174.8453369140625,175.52326451487454,173.7437061790421,175.17582484152928,142424100
2016-05-02,176.23512268066406,176.41307079640367,174.91317067072708,175.34534331077683,62188000
2016-05-03,174.70132446289062,175.24366409735376,173.95560261660503,175.00639131542593,106422100
2016-05-04,173.726806640625,174.43863794710984,173.22683989530623,173.70986782004962,92243800
2016-05-05,173.69293212890625,174.54880814140395,173.2692288281928,174.19289892045248,67619200
2016-05-06,174.3284454345703,174.37081834059887,172.76922076372438,172.92174770895267,89315000
2016-05-09,174.4724884033203,174.90466097577874,174.0233640837867,174.20132510208984,74374900
2016-05-10,176.641845703125,176.65879745012035,175.10804232510174,175.1758363826888,77472200
2016-05-11,174.98947143554688,176.71817529449334,174.98947143554688,176.18431790312414,81727000
2016-05-12,175.04026794433594,175.82836263828253,174.03185223626025,175.65887101006464,89586300
2016-05-13,173.51492309570312,175.29448163900955,173.1929174688306,174.74367267247877,96474600
2016-05-16,175.22665405273438,175.70119945871832,173.62505684234227,173.68438148328653,77486800
2016-05-17,173.5911407470703,175.24358001781954,173.06574018454162,174.95546505376902,114924900
2016-05-18,173.64202880859375,174.81992305361686,172.557349774201,173.24374681139082,120062100
2016-05-19,173.04039001464844,173.32850509687862,171.8370744385142,172.92175363194215,115430500
2016-05-20,174.13348388671875,174.65040212417082,173.59961390678228,173.6504562038446,104990400
2016-05-23,173.89627075195312,174.4301279842803,173.70984031196735,174.1504823243016,58682600
2016-05-24,176.1503448486328,176.4638939748023,174.68433555844706,174.70975671321835,93537800
2016-05-25,177.3452606201172,177.76049452874364,176.1504141541832,176.82834205239817,76621400
2016-05-26,177.3960723876953,177.7096215832107,177.0825361225769,177.48081820927177,55280700
2016-05-27,178.15869140625,178.167160813654,177.50618498513825,177.55702729034823,64211200
2016-05-31,177.81971740722656,178.54001786357134,177.26042620091602,178.4298509176758,109879400
2016-06-01,178.18414306640625,178.36209116510832,177.0147181247832,177.20961797158864,69936200
2016-06-02,178.7265167236328,178.743455544572,177.31134935135105,177.7858949456015,63044700
2016-06-03,178.19261169433594,178.54005141175855,176.98929619217486,178.1671905374899,101757100
2016-06-06,179.09938049316406,179.45528969446082,178.38754916017265,178.54855847441598,64887000
2016-06-07,179.37896728515625,179.93825857110662,179.22644035102138,179.25186150671053,60974800
2016-06-08,179.9636993408203,180.09081806351512,179.38746917520425,179.5145749675031,66170900
2016-06-09,179.71795654296875,179.836592925502,178.96376534035116,179.2349286731146,73786900
2016-06-10,178.0146484375,178.6840937280972,177.47229598991518,178.3451363787507,113829200
2016-06-13,176.641845703125,178.26886429403115,176.55711282893694,177.41298856148404,117751200
2016-06-14,176.2943878173828,176.88758252746695,175.34529696987707,176.2604972572832,125059300
2016-06-15,176.0486602783203,177.41298494979887,175.86222985634978,176.29440241797562,109124500
2016-06-16,176.57408142089844,176.7435730586443,174.2182924766721,176.04869354899654,149533100
2016-06-17,175.9164581298828,176.49568484208004,175.2605583547816,176.4701314869912,117055700
2016-06-20,177.0493621826172,178.54854859459653,176.96417567156655,177.87562194878873,82789600
2016-06-21,177.55194091796875,177.96080760410712,176.98974110100497,177.4326875929435,72461700
2016-06-22,177.2623748779297,178.4549084465351,177.1175551610752,177.73086185282682,95560500
2016-06-23,179.57073974609375,179.62184645879435,178.2589531287725,178.71892654071584,102731400
2016-06-24,173.12252807617188,179.6048273711775,172.67958155075527,173.4547347208247,333444400
2016-06-27,170.02191162109375,171.72553793794785,169.2126787224782,171.71701148787568,230775800
2016-06-28,173.08843994140625,173.11399329763964,171.31666692260927,171.62332019504794,159382400
2016-06-29,176.03565979003906,176.2656399183444,174.38314065854033,174.48535404889824,137328600
2016-06-30,178.43780517578125,178.48891188233904,175.950512474756,176.5041987902838,165021900
2016-07-01,178.81263732910156,179.29817712440217,178.27599081800903,178.43783741644256,106055300
2016-07-05,177.5263671875,178.0970803915935,176.930100630808,177.9863405319092,109803700
2016-07-06,178.5911407470703,178.71039406322262,176.37642144980018,177.0323211874561,96021500
2016-07-07,178.48043823242188,179.43446496128354,177.71381146782082,178.77005163259213,85593800
2016-07-08,181.1380615234375,181.38509461612574,179.5451750888838,179.77516827919834,133971000
2016-07-11,181.77694702148438,182.34767335157056,181.39363364866333,181.5980735130661,73633900
2016-07-12,183.09722900390625,183.39536879733734,181.80246941184768,182.739469050371,101275600
2016-07-13,183.0717010498047,183.52316102982908,182.58617425894235,183.51464757652928,87324100
2016-07-14,184.0938720703125,184.56237194878827,183.70204526114256,184.33237873614772,91230900
2016-07-15,183.8468475341797,184.85198088781613,183.4039010235686,184.65606748793815,107155400
2016-07-18,184.34092712402344,184.50277373745146,183.71058057636697,183.96612717664067,58725900
2016-07-19,184.1534881591797,184.1875549664378,183.67647487174233,183.92349496786622,54345700
2016-07-20,184.92013549804688,185.15864216846145,184.15350877137692,184.15350877137692,58159500
2016-07-21,184.22166442871094,185.03088445714766,183.77871787722287,184.8094176802233,67777300
2016-07-22,185.04795837402344,185.0990651013502,184.0768915618901,184.3409516515061,62787500
2016-07-25,184.54531860351562,184.89456512363662,183.966091885143,184.84345841291403,55873100
2016-07-26,184.63046264648438,184.98822253687905,183.7871631206461,184.44306275185366,70080500
2016-07-27,184.43458557128906,185.07344542926506,183.66794594313563,185.00529881803118,84083900
2016-07-28,184.64755249023438,184.93716586113342,183.77869937989922,184.23867279264252,65035700
2016-07-29,184.94566345214844,185.3034234086294,184.1023767681707,184.38347666204226,79519400
2016-08-01,184.79238891601562,185.39716911154125,184.34092888353362,185.00534225200298,73311400
2016-08-02,183.6083221435547,184.69864190641763,182.77354891834582,184.54530878477047,92295500
2016-08-03,184.14503479003906,184.20466797345375,183.2506410199582,183.54876794410436,53993600
2016-08-04,184.34092712402344,184.65609389903167,182.5010071992208,184.25574059138555,46585500
2016-08-05,185.84860229492188,185.89119555549402,184.34090225224605,184.34090225224605,71892200
2016-08-08,185.73788452148438,186.13823779474342,185.4738244896835,186.03601136483033,39906500
2016-08-09,185.84860229492188,186.34265552275468,185.52492210937768,185.806022031988,51251700
2016-08-10,185.38861083984375,186.0359841455934,185.03936433382066,185.95932408260404,57941100
2016-08-11,186.24893188476562,186.49596496611446,185.65266530542866,185.91672529073242,72504300
2016-08-12,186.087158203125,186.30011154982938,185.68680487150948,185.9423384894421,61313500
2016-08-15,186.62376403808594,186.9730105941644,186.4448905321406,186.4534039855917,49813500
2016-08-16,185.66122436523438,186.2745179562473,185.66122436523438,186.20638433318723,53213600
2016-08-17,186.01048278808594,186.14677604770182,184.86054252888354,185.69531599815977,75134300
2016-08-18,186.42784118652344,186.46190799624154,185.87416779454654,185.984894674359,52989300
2016-08-19,186.15525817871094,186.33414467656135,185.47381799057598,185.95934477450407,75443000
2016-08-22,186.1467742919922,186.37676754071967,185.5505075338474,185.91678104326473,61368800
2016-08-23,186.5215606689453,187.05820721101114,186.46192749865375,186.76006735483244,53399200
2016-08-24,185.56752014160156,186.4704400993404,185.15012697348288,186.3767401227276,71728900
2016-08-25,185.439697265625,185.85709033675323,185.03083064343207,185.18415075264107,69224800
2016-08-26,185.09048461914062,186.64930433578445,184.20460460957435,185.627131094704,122506300
2016-08-29,186.00193786621094,186.26599788851843,185.18419144450021,185.21827125245898,70502200
2016-08-30,185.69529724121094,186.19786396293492,185.14162380170342,185.9167640174861,58114500
2016-08-31,185.16712951660156,185.48229619359975,184.39197650262852,185.3630428835759,85269500
2016-09-01,185.1756591796875,185.46527252972356,184.0171927819061,185.15861927743916,97844200
2016-09-02,186.01048278808594,186.4363894761551,185.43976938579013,186.0275226949481,79293900
2016-09-06,186.5726318359375,186.64929189944218,185.57601201746544,186.29153193878327,56702100
2016-09-07,186.55560302734375,186.73448951712933,185.95082293799388,186.41079634401157,76554900
2016-09-08,186.1297149658203,186.4960014346624,185.82306166539124,186.22341494644138,74102900
2016-09-09,181.67466735839844,184.86896596348697,181.64911400936847,184.81785926542705,221589100
2016-09-12,184.28123474121094,184.6815879202217,180.84842914064834,180.91657574533482,168110900
2016-09-13,181.6321258544922,183.26760564649985,181.010305854894,183.0035456328748,182828800
2016-09-14,181.56399536132812,182.88430854433517,181.01032192860217,181.68324870057552,134185500
2016-09-15,183.3783721923828,183.76168559041375,181.22328551258488,181.40217203040726,134427900
2016-09-16,182.66946411132812,182.94342749776695,181.9845817718176,182.76363739250482,155236400
2016-09-19,182.70372009277344,183.9622116674637,182.37839183003095,183.32012466255208,80250500
2016-09-20,182.71224975585938,183.71390376903676,182.67801086846762,183.55980918083637,69665300
2016-09-21,184.7669677734375,184.94674482420382,182.72940744279296,183.4143028791124,110284400
2016-09-22,185.9312744140625,186.23092025195749,185.52891189540338,185.77717979797526,76678700
2016-09-23,184.91249084472656,185.67443352635397,184.81831756662461,185.537451837607,73630900
2016-09-26,183.41429138183594,184.26183783747967,183.2173753018055,184.08206079798262,89827300
2016-09-27,184.55294799804688,184.6471082252483,182.8835112062276,183.2516479102736,78494800
2016-09-28,185.468994140625,185.623101833831,183.81669631342595,184.77554217943597,87411000
2016-09-29,183.791015625,185.66591215313227,183.24310179121994,185.26353650265202,128070600
2016-09-30,185.17791748046875,185.87992589879707,184.37316624574723,184.62143417016583,117202900
2016-10-03,184.73272705078125,184.95531252922103,184.09919644758304,184.7669790094918,83512100
2016-10-04,183.791015625,185.06663343857537,183.20030643277005,184.84404793411028,119948100
2016-10-05,184.60433959960938,185.0323976977853,184.3475021280445,184.41599299134825,72816000
2016-10-06,184.73272705078125,184.95531252922103,183.8423720737274,184.38171632211893,62927400
2016-10-07,184.0991973876953,185.1779120165763,183.37150655256386,185.0066914120333,89788300
2016-10-10,185.0580291748047,185.52032604567063,184.91249102910072,185.0580291748047,51855000
2016-10-11,182.7208709716797,184.69851033087284,181.99318005289527,184.6300194685232,130367400
2016-10-12,182.9605712890625,183.48280261492656,182.3612795887013,182.85782847749783,73866100
2016-10-13,182.36123657226562,182.8577853439333,180.8202384585352,181.63354592151325,101357000
2016-10-14,182.45545959472656,183.79956814610816,182.37841228068805,183.33725813528716,93346200
2016-10-17,181.8219757080078,182.68664842890956,181.64218554533056,182.42981093792665,58275700
2016-10-18,182.9605712890625,183.47423309370768,182.58387812767933,183.4143117616483,76869700
2016-10-19,183.448486328125,183.75668852815494,182.86633387434063,183.2259009304939,66519200
2016-10-20,183.1061248779297,183.66259514566121,182.44691178997869,183.09755535598893,73639800
2016-10-21,183.19171142578125,183.27732825736294,182.14724878429806,183.106107657494,89089100
2016-10-24,183.9707794189453,184.33891611727435,183.61976869952085,184.06495270797885,60146600
2016-10-25,183.35438537597656,184.04783733368188,183.19172122524665,183.79099988849228,66542300
2016-10-26,182.9862518310547,183.56840448294915,182.29278684752947,182.532511363168,75705500
2016-10-27,182.49830627441406,183.7396722707094,182.42125894422213,183.7054333672789,77220200
2016-10-28,181.95889282226562,183.1488935654366,181.24832802261642,182.4725676586778,140623200
2016-10-31,181.9674530029297,182.51536670410897,181.8047888776386,182.2927681902188,61272500
2016-11-01,180.64901733398438,182.34413627764692,179.44190380314225,182.2927583487816,122781800
2016-11-02,179.56175231933594,180.72607045776593,179.12512485286732,180.34080785481316,103330800
2016-11-03,178.73992919921875,179.98986452919675,178.465978823447,179.77583549116116,88939300
2016-11-04,178.54298400878906,179.69017624675064,178.39744586486492,178.85118627336155,109122100
2016-11-07,182.4811553955078,182.51540735756313,178.54302887338312,178.54302887338312,109794900
2016-11-08,183.30300903320312,183.86804876461554,181.8219319159806,182.08732580286676,106772100
2016-11-09,185.2463836669922,185.8627882300816,181.78766772262458,181.81335015747885,258429000
2016-11-10,185.70867919921875,186.89867990417122,184.2532846271845,186.03400745605103,172113300
2016-11-11,185.28060913085938,185.52032054765516,184.3388894401023,184.9895328480777,100552700
2016-11-14,185.4261474609375,186.00831309038577,184.68133077679926,185.80284056294064,94580000
2016-11-15,186.87301635742188,186.87301635742188,185.60596822040515,185.81142771850293,91652600
2016-11-16,186.52198791503906,186.75314289173917,186.13673832940114,186.25659404633944,65617700
2016-11-17,187.48085021972656,187.54077154766955,186.5647998162659,186.676099078109,69797200
2016-11-18,187.06137084960938,187.72058391490273,186.88158071787657,187.54936330481615,86265800
2016-11-21,188.47396850585938,188.49965094574657,187.48944014139417,187.63497832185362,72402600
2016-11-22,188.842041015625,189.02181803368472,188.11433729755825,188.7821066340774,67429000
2016-11-23,188.94480895996094,188.9961738326538,188.13150132797097,188.32840436105832,56620200
2016-11-25,189.64678955078125,189.68102843743884,189.21016210032596,189.28722245606542,37872300
2016-11-28,188.75645446777344,189.61257047886514,188.6537247266964,189.33862014822847,76572500
2016-11-29,189.12460327148438,189.5783437413918,188.49107267987097,188.7907185282828,69886700
2016-11-30,188.67086791992188,189.90367717850862,188.61093352329578,189.74101303143192,113291800
2016-12-01,187.97743225097656,188.97051707232507,187.61785196668092,188.97051707232507,79040500
2016-12-02,188.0715789794922,188.55957142791652,187.71201178431926,188.0630225212601,74840300
2016-12-05,189.20166015625,189.54410137465365,188.70511124525808,188.90201429267543,67837800
2016-12-06,189.80096435546875,189.83521631989439,188.9106092298559,189.3900322254395,59877400
2016-12-07,192.28369140625,192.34361274349058,189.5269963740866,189.64685211186347,110738100
2016-12-08,192.75454711914062,193.22541361716267,191.9926042635398,192.25801124482192,99714400
2016-12-09,193.91885375976562,193.93597973954576,192.94288192501824,192.9771338845785,88005800
2016-12-12,193.69625854492188,194.304106695277,193.27675697280102,193.82467072858418,102016100
2016-12-13,194.98899841308594,195.48554731913939,194.33835487927195,194.35548085901033,110477500
2016-12-14,193.37954711914062,195.39141251432298,192.9429194612208,194.68940396630498,142501800
2016-12-15,194.1756591796875,195.0317751413727,193.38803406253228,193.6191890299093,124972600
2016-12-16,193.79592895507812,194.6915449704416,193.47730315707153,194.6312573112015,156420200
2016-12-19,194.21786499023438,194.63983910113276,193.83034471793016,193.97674068123223,90341100
2016-12-20,194.9670867919922,195.11349590689724,194.51929197797907,194.75179627515462,89838800
2016-12-21,194.42457580566406,195.01015974080977,194.42457580566406,194.83792994460757,67909000
2016-12-22,194.08872985839844,194.39874875846775,193.69258948708537,194.27818658290144,56219100
2016-12-23,194.37295532226562,194.38156221506125,193.94237415718536,194.13181778074988,36697800
2016-12-27,194.85513305664062,195.25126022547312,194.62261563301922,194.63984255262181,42672500
2016-12-28,193.2447509765625,195.13069789250957,193.13280884997076,195.11348411321208,64095000
2016-12-29,193.20169067382812,193.66671234975908,192.7624896651442,193.3136327930532,48696100
2016-12-30,192.4955291748047,193.61504233520182,191.80659698838423,193.52892088429107,108998300
2017-01-03,193.96817016601562,194.47625268810015,192.79698909968164,193.79592722132304,91366500
2017-01-04,195.1220703125,195.26846626274224,194.28674219501517,194.29534908375123,78744400
2017-01-05,194.9670867919922,195.12210279706622,194.17481926686474,194.85514465863406,78379000
2017-01-06,195.6646728515625,196.12969466640834,194.53653931091543,195.07907571181272,71559900
2017-01-09,195.0188446044922,195.5441541987337,194.9843907496231,195.40636505984844,46939700
2017-01-10,195.0188446044922,195.87138697821683,194.63131100884038,195.0360583916312,63771900
2017-01-11,195.56996154785156,195.56996154785156,194.2695980786161,194.93269672198744,74650000
2017-01-12,195.0790557861328,195.26851250549817,193.72703807825238,195.05322197351856,72113200
2017-01-13,195.52685546875,195.82825431654757,195.21683659025288,195.25127729217894,62717900
2017-01-17,194.83792114257812,195.2943359950259,194.4504008335571,194.88958876507553,61240800
2017-01-18,195.2684783935547,195.31153912048646,194.53648545658123,195.08762859655678,54793300
2017-01-19,194.54510498046875,195.4837683798126,194.114523992848,195.3459793101046,66608800
2017-01-20,195.25990295410156,195.75075852737518,194.59680444535826,195.2254491108912,129168600
2017-01-23,194.75181579589844,195.32018597098931,193.99400203606893,195.2599114531842,75061600
2017-01-24,196.0004425048828,196.41379651400055,194.8550956664453,194.96703777165794,95555300
2017-01-25,197.6969757080078,197.6969757080078,196.7841329083282,196.9477557982735,84437700
2017-01-26,197.49026489257812,197.81751062740526,197.21468677055776,197.55053939409,59970700
2017-01-27,197.18031311035156,197.7142294779201,196.9994632637566,197.56783347843495,59711100
2017-01-30,195.95745849609375,196.5172086621444,194.97573412744237,196.49137484772928,79737300
2017-01-31,195.94020080566406,196.0004884566942,194.89820208042732,195.4665590486064,75880800
2017-02-01,196.01776123046875,196.8530897242382,195.43217716571584,195.94025977606805,79117700
2017-02-02,196.14691162109375,196.43109671472556,195.32881018564632,196.0177294111019,69657600
2017-02-03,197.4989776611328,197.67982754319888,196.7411636998865,197.05118268321752,80563200
2017-02-06,197.14585876464844,197.49033153341225,196.81000602778656,197.094191134407,57790100
2017-02-07,197.15447998046875,197.77451782767443,196.9650232415841,197.53339345823807,57931200
2017-02-08,197.41278076171875,197.54194980504766,196.61189327221177,197.15442953477168,51566200
2017-02-09,198.58392333984375,198.88532209630182,197.41274272492666,197.41274272492666,65955200
2017-02-10,199.36764526367188,199.5915558331859,198.60121147329366,198.9284572962501,66015900
2017-02-13,200.4526824951172,200.7110337232728,199.8326448036595,199.8584786124461,55182100
2017-02-14,201.2535858154297,201.26220584645884,199.92740192577156,200.27186151936579,71109000
2017-02-15,202.30422973632812,202.49368647837778,200.98665257407828,201.03832020549314,86785800
2017-02-16,202.13197326660156,202.51088670074023,201.38276642928537,202.33003687434092,84722400
2017-02-17,202.45054626464844,202.45054626464844,201.4515953151342,201.46882223227414,77204100
2017-02-21,203.65626525878906,203.82849508075225,202.81231679267117,202.82093682495986,88946100
2017-02-22,203.4753875732422,203.6992849971404,203.08786724175664,203.251490149344,62115200
2017-02-23,203.6131591796875,204.00928636796786,202.85533236344304,203.99207258780973,74615900
2017-02-24,203.8715057373047,203.91455332700036,202.72615864919575,202.76921937918132,82381600
2017-02-27,204.1901092529297,204.36233901382846,203.53563090539905,203.78536208765897,56515400
2017-02-28,203.63900756835938,204.05236170667933,203.2514872424162,203.81123736430177,96961900
2017-03-01,206.48947143554688,206.9545063824952,205.2752295788725,205.29245650216862,149158200
2017-03-02,205.1891326904297,206.3086462418714,205.1374650579512,206.30002620959627,70246000
2017-03-03,205.31826782226562,205.4818907249212,204.7240638664285,205.10297729567483,81974300
2017-03-06,204.7068328857422,205.05989933306515,204.10400894970482,204.52598307687302,55391500
2017-03-07,204.09544372558594,204.75854230642355,203.88876006472563,204.40546264673017,65103700
2017-03-08,203.7165069580078,204.64656361509844,203.5787178665223,204.38821235363588,78168800
2017-03-09,203.974853515625,204.30209931528373,203.01035617805067,203.83706442731702,90683900
2017-03-10,204.68960571289062,204.9737907605969,203.74232222053638,204.93073003089174,81991700
2017-03-13,204.7929229736328,204.83598369955777,204.3020674908966,204.62930009929119,57256800
2017-03-14,204.00926208496094,204.3020671365696,203.39784445486842,204.25038638137607,59880800
2017-03-15,205.774658203125,206.1966323155387,204.34512612298658,204.5776435433198,96081800
2017-03-16,205.3699188232422,205.9899565408601,205.04268618470874,205.91245511123034,78344000
2017-03-17,205.00927734375,205.82229351135118,205.00927734375,205.6320125701059,89002100
2017-03-20,204.78439331054688,205.29468616829985,204.39518711730236,205.0092647739321,52537000
2017-03-21,202.15504455566406,205.51089350230714,202.0253135695641,205.38980684946205,131809300
2017-03-22,202.63075256347656,202.9161739384226,201.56691885500925,202.1896540008086,97569200
2017-03-23,202.4145050048828,203.54753285927518,202.04260074013908,202.63073209762806,100410300
2017-03-24,202.26751708984375,203.2881028594989,201.48910466205444,202.7172732379335,112504900
2017-03-27,202.05996704101562,202.31944229149656,200.32150529847442,200.59826922085048,87454500
2017-03-28,203.5302276611328,203.95402428211742,201.64472070287894,201.7571630051581,93483900
2017-03-29,203.72055053710938,203.95407953685887,203.01997673531778,203.24486140080134,61950400
2017-03-30,204.36923217773438,204.56817064319617,203.48703497312647,203.66001404084622,56737900
2017-03-31,203.89353942871094,204.55950948750663,203.84163383160336,204.03191476196116,73733100
2017-04-03,203.53890991210938,204.14434319591695,202.3107414799695,203.94541794497783,85546500
2017-04-04,203.66864013671875,203.75513626156143,202.872925938498,203.25348777187656,56466200
2017-04-05,203.06317138671875,205.3205825972771,202.8555886418277,204.34323198658012,108800600
2017-04-06,203.634033203125,204.15297031801492,202.76046728392677,203.20157900865607,69135800
2017-04-07,203.42649841308594,204.11842792690598,202.94215171264923,203.38325034394884,74412300
2017-04-10,203.54759216308594,204.34330651252617,203.01999737517406,203.56489403083373,67615300
2017-04-11,203.305419921875,203.40920473401556,201.8177760263882,203.16703137404872,88045300
2017-04-12,202.4145050048828,203.2188766525714,202.18963357951134,203.02859575515922,81864400
2017-04-13,201.0998992919922,202.81242786863328,201.0998992919922,202.07725025970024,92880400
2017-04-17,202.88160705566406,202.88160705566406,201.4199094790997,201.6188347524172,68405400
2017-04-18,202.2761688232422,202.81242112623795,201.59289684029733,202.1464378130178,83225800
2017-04-19,201.90428161621094,203.2102889541078,201.67939691610522,202.83838456156207,68699900
2017-04-20,203.54759216308594,203.98870400717547,202.19833682284133,202.5183487901547,92572200
2017-04-21,202.89891052246094,203.521645786266,202.50105994680993,203.46975338052528,110389800
2017-04-24,205.1303253173828,205.33790808615962,202.8729138470728,205.13896965036957,119209900
2017-04-25,206.3239288330078,206.669886959925,205.68389178100873,205.77038791146632,76698300
2017-04-26,206.19415283203125,207.17150352612882,206.150917970928,206.28929328187664,84702500
2017-04-27,206.36709594726562,206.66980589021097,205.8308439042043,206.51412875340216,57410300
2017-04-28,205.91741943359375,206.65258374786688,205.7876752387527,206.62663754838997,63532800
2017-05-01,206.43637084960938,206.86018079937156,206.02121843190722,206.43637084960938,66882500
2017-05-02,206.5142059326172,206.69582932677102,206.1076978824263,206.57474266484968,57375700
2017-05-03,206.2633819580078,206.60935328750722,205.588754362305,206.51421282157696,73137700
2017-05-04,206.50555419921875,206.64394273028756,205.65794754197145,206.5661041306076,61462700
2017-05-05,207.318603515625,207.33590538414293,206.4363929856339,206.87750484935884,62001300
2017-05-08,207.2839813232422,207.50885278980158,206.86017139275205,207.3618199234985,48385700
2017-05-09,207.09371948242188,207.74240093927168,206.7477481202938,207.54347565445931,51363200
2017-05-10,207.465576171875,207.465576171875,206.84284106061338,207.0504238301856,54293800
2017-05-11,207.04183959960938,207.2061743568771,205.9607037728046,207.01589339556276,62358300
2017-05-12,206.69580078125,207.08500691242796,206.42768129527087,206.79094123086725,53912700
2017-05-15,207.8375244140625,207.9586110815385,207.10234687745015,207.11964874350585,61918900
2017-05-16,207.64723205566406,208.1575248978483,207.258025874294,208.13157869892072,51241800
2017-05-17,203.96267700195312,207.6471815250714,203.90212708755266,207.6471815250714,172174100
2017-05-18,204.78439331054688,205.631999962106,203.62540586744421,203.88488106209277,107047700
2017-05-19,206.11634826660156,206.78233152544618,205.21684920841886,205.26874160827177,115011400
2017-05-22,207.1628875732422,207.32722229980186,206.55745426285634,206.6266353290807,61010600
2017-05-23,207.6212615966797,207.7855963023231,207.15420367564522,207.53476547872376,48341700
2017-05-24,208.10568237304688,208.20946719362954,207.51753759567328,207.85486465748568,46927700
2017-05-25,209.1002655029297,209.377042546185,208.40834928970304,208.6159188746887,64071700
2017-05-26,209.05703735351562,209.2213588810894,208.83215269928246,208.90999129615258,46629900
2017-05-30,208.87538146972656,209.12619910229242,208.5813157770756,208.7369929564361,35201900
2017-05-31,208.82351684570312,209.20407870913107,208.13158738469383,209.16947497747938,91796000
2017-06-01,210.48411560058594,210.50141746443626,208.9964720483849,209.28189341336648,68962000
2017-06-02,211.18472290039062,211.34041330489234,210.24197573118028,210.53604147612447,88666100
2017-06-05,211.0290069580078,211.29712645256342,210.83006852224628,211.01170509458183,44698800
2017-06-06,210.3543243408203,211.0202941374963,210.276472574529,210.466753429994,50375400
2017-06-07,210.74359130859375,210.9684627494031,210.02571572770137,210.69169891436508,54144300
2017-06-08,210.8473663330078,211.32306858716709,210.31977168702295,210.83872200018845,65950700
2017-06-09,210.5273895263672,211.91123526293748,209.2646172592581,211.11552099498175,132256400
2017-06-12,210.48411560058594,210.53600799468163,209.63650903629403,210.2851903574007,86108100
2017-06-13,211.5133819580078,211.56527435779938,210.67441963482645,211.0203777650746,60067000
2017-06-14,211.2452850341797,211.79016848775927,210.42361129135838,211.7815241526878,78602300
2017-06-15,210.8387908935547,210.95987757986546,209.6192664973441,209.89603041000055,66464900
2017-06-16,210.88479614257812,211.0499322546097,210.00698339029083,210.99778680066592,84553100
2017-06-19,212.64044189453125,212.70127383885932,211.61486597329232,211.7104703959348,65123800
2017-06-20,211.2064208984375,212.2928289972436,211.1890479173653,212.28414250670747,56906400
2017-06-21,211.15423583984375,211.71047615166384,210.68491346435795,211.59749874860742,55977600
2017-06-22,211.0586700439453,211.65836943369348,210.8848474012777,211.1629742389999,44148100
2017-06-23,211.31068420410156,211.64094318419558,210.73705765609583,211.1194753547663,66986800
2017-06-26,211.44973754882812,212.39709532104865,211.24115571861205,211.97990513698605,56700500
2017-06-27,209.7462921142578,211.5280040260247,209.7289058715889,211.23249094792286,82247700
2017-06-28,211.6235809326172,211.82347628093936,210.52847323786168,210.76314106699724,70042600
2017-06-29,209.763671875,211.8234972967315,208.55558665228156,211.77135183215356,106949700
2017-06-30,210.15475463867188,210.94566280210128,209.96354578022047,210.57193157446784,86820700
2017-07-03,210.51112365722656,211.52800001408386,210.51112365722656,211.09343678832516,39153800
2017-07-05,210.99783325195312,211.2064151136477,210.0678615791739,210.8761560786922,54427600
2017-07-06,209.06838989257812,210.3546934464297,208.8858674856863,210.2330162624413,65400800
2017-07-07,210.4241485595703,210.57189842478374,209.0770002732185,209.64194027036658,57972300
2017-07-10,210.65013122558594,211.0238624203301,210.119963666866,210.42416316812717,36663300
2017-07-11,210.4937286376953,210.8066146776675,209.32910242406086,210.6501650267731,50354600
2017-07-12,212.0755157470703,212.24065187535012,211.45844346560077,211.45844346560077,59610400
2017-07-13,212.4318389892578,212.54482964689768,211.85821247452137,212.0841937898011,39471600
2017-07-14,213.42263793945312,213.77898288163507,212.33623013656714,212.43183455369368,60262700
2017-07-17,213.39657592773438,213.7268481601751,213.22275332290783,213.34443047246788,33531900
2017-07-18,213.50961303710938,213.56175850371997,212.64917305258177,212.98813184736824,42742500
2017-07-19,214.66552734375,214.6742138332142,213.81377395088398,213.82247370216416,51034300
2017-07-20,214.7611541748047,215.03926774664197,214.213600259683,214.9175905723724,47135200
2017-07-21,214.56991577148438,214.59598850082523,213.96151672202305,214.18749805873117,82340800
2017-07-24,214.51780700683594,214.65685716650034,214.048471274788,214.49172101121746,46622300
2017-07-25,215.0392608642578,215.3695331531979,214.81329276550863,215.26522896300702,54915600
2017-07-26,215.04791259765625,215.36079859402545,214.7871853188609,215.32603937745765,47575400
2017-07-27,214.84805297851562,215.54335678178802,213.5269770784798,215.50859755944205,70766600
2017-07-28,214.59600830078125,214.72637195951367,213.91809075173916,214.3700269432227,50088400
2017-07-31,214.47430419921875,215.09137645548512,214.26570910962465,214.9957720304814,65838700
2017-08-01,214.95236206054688,215.10879845738904,214.43088088077172,215.0740392342521,55050400
2017-08-02,215.056640625,215.19570403318554,214.1266690023028,215.08271335630772,47211200
2017-08-03,214.6394500732422,214.96970906950318,214.36132327447956,214.94363633984614,40856000
2017-08-04,215.030517578125,215.3607765180168,214.64809992600595,215.12612199115475,60191800
2017-08-07,215.43031311035156,215.43031311035156,214.99574999792543,215.10005416294103,31995000
2017-08-08,214.9001922607422,216.3342588003273,214.5264742685518,215.11747386415053,61719400
2017-08-09,214.8915252685547,214.94367073621333,213.85726262059882,214.21360766535665,62632600
2017-08-10,211.85824584960938,214.18751149071593,211.80610038765755,214.05713457402004,120479500
2017-08-11,212.17108154296875,212.76209424910257,211.8495090960186,212.08417688094036,74869900
2017-08-14,214.2744140625,214.491695659703,213.41398742513857,213.4487466454919,73291900
2017-08-15,214.2483367919922,214.67421348773985,213.94415051944327,214.65682724702344,55242700
2017-08-16,214.6220703125,215.16962417546023,214.19619361221802,214.76982020562247,56715500
2017-08-17,211.27593994140625,214.32658218751973,211.27593994140625,214.01369614334953,128490400
2017-08-18,210.9456787109375,212.23198209604297,210.50241575027266,211.1108015904025,136748000
2017-08-21,211.11073303222656,211.3714735252687,210.18077496327828,210.88476501122332,65469700
2017-08-22,213.318359375,213.47479574199497,211.6757112124789,211.6930974516388,63140100
2017-08-23,212.5535430908203,212.97941978670568,212.205897847276,212.35364773887312,50203800
2017-08-24,212.05810546875,213.09235450271285,211.84951040732693,212.93591815300553,50741700
2017-08-25,212.5535430908203,213.46612843239413,212.40579319922318,212.8490428740146,64445900
2017-08-28,212.56224060058594,213.10978119030355,212.14505039855294,213.08370846040347,40565600
2017-08-29,212.80563354492188,213.06636089124456,211.1368989575475,211.24988964883278,51135700
2017-08-30,213.81375122070312,214.08319150724105,212.60566622281107,212.78818857668327,62030800
2017-08-31,215.1000518798828,215.34340615931342,213.84850800748916,214.4308209805419,103803900
2017-09-01,215.404296875,215.83017361111806,215.25654696944488,215.47382858264075,62007000
2017-09-05,213.8572235107422,215.12615379291992,212.89249275003215,214.90017245863578,91398800
2017-09-06,214.5873260498047,214.91759836128475,214.00501289028102,214.53518058205896,57916900
2017-09-07,214.56118774414062,214.90884619256107,214.15269735588026,214.89145995468658,58034700
2017-09-08,214.30921936035156,214.7698553560106,214.06586499516635,214.2744468728575,63832800
2017-09-11,216.594970703125,216.67318888716122,215.56070828593013,215.57808126339495,71364800
2017-09-12,217.32501220703125,217.35977142035233,216.777458449076,216.95998078899893,56896000
2017-09-13,217.42933654785156,217.46410902833395,216.9252416753817,217.03823234422606,59228000
2017-09-14,217.3597869873047,217.55969557911206,216.93392360000743,217.10774620268882,95446300
2017-09-15,217.65240478515625,217.73974074405513,217.1108765260414,217.21568500777204,95432400
2017-09-18,218.11537170410156,218.46474226707042,217.73105608825622,218.01929280014022,46235200
2017-09-19,218.33367919921875,218.42102848279805,218.01051083970842,218.35988131876667,47108100
2017-09-20,218.41233825683594,218.52588968736106,217.41661749087802,218.42108118388109,59574100
2017-09-21,217.82708740234375,218.34241353480814,217.65240215902375,218.25507757696303,48211400
2017-09-22,217.87078857421875,218.03674424025084,217.50394552028905,217.53014764359605,51214000
2017-09-25,217.42532348632812,217.96686512666057,216.68290778788798,217.61748127360232,57064400
2017-09-26,217.5563507080078,218.0978790288707,217.32051826959304,217.85331699185963,54082000
2017-09-27,218.4035186767578,218.78783413469284,217.37285328251144,218.25503558212424,81001400
2017-09-28,218.66563415527344,218.7442405296163,218.03675650526645,218.1240924786589,44778800
2017-09-29,219.4342498779297,219.51286957913425,218.47347421423493,218.6568890859042,85578000
2017-10-02,220.38629150390625,220.38629150390625,219.48663643311738,219.66133501937134,59023000
2017-10-03,220.85792541503906,220.8841275353606,220.30765423302748,220.3862739216219,66810200
2017-10-04,221.11993408203125,221.36449606151285,220.59586508164023,220.7094164748382,55953600
2017-10-05,222.43011474609375,222.44757394086622,221.15488716333428,221.45185340602157,63522800
2017-10-06,222.17681884765625,222.46505550467177,221.7226398677804,221.98466107631256,80646000
2017-10-09,221.81002807617188,222.4651079070688,221.54799347828646,222.40397405322105,35803100
2017-10-10,222.39512634277344,222.77071219923042,221.83612568355713,222.37766715140484,43057400
2017-10-11,222.74453735351562,222.74453735351562,222.1331323900897,222.29907469416852,47674300
2017-10-12,222.41265869140625,222.77950172323375,222.1768262682205,222.43013121510202,47065100
2017-10-13,222.6834716796875,222.96297880960688,222.41270747734904,222.84942737212296,54800400
2017-10-16,222.9803924560547,223.1725502367093,222.56988810025342,222.91052901548102,38221700
2017-10-17,223.13760375976562,223.18127840295898,222.70961358067885,222.9279734690156,31561000
2017-10-18,223.35595703125,223.5568443908322,223.1637992689959,223.5131697489327,40888300
2017-10-19,223.4171142578125,223.45205930604234,222.15937240178653,222.5786196871285,61903800
2017-10-20,224.57003784179688,224.59626661827306,223.39964532969876,224.2119510702714,89176400
2017-10-23,223.69659423828125,224.9194309537116,223.61798787604818,224.89322883296725,63915300
2017-10-24,224.0896759033203,224.32549501443242,223.73156244590075,224.12462095301717,66935900
2017-10-25,222.9803924560547,223.87130459112328,221.85366122188066,223.75775317683716,103715300
2017-10-26,223.26861572265625,223.86254822529017,223.1463347175475,223.59179742215292,69798000
2017-10-27,225.09413146972656,225.25137086942868,223.27738867171036,224.01107480102058,85562500
2017-10-30,224.25563049316406,224.99805952789407,223.9586642103246,224.0110684569867,54285700
2017-10-31,224.60498046875,224.858285407945,224.30801421308635,224.63118258968325,60304800
2017-11-01,224.90191650390625,225.72295172317124,224.5350868601323,225.38232419680972,54202700
2017-11-02,224.9893035888672,225.12905712363738,223.76649347870475,224.83209085797372,56449500
2017-11-03,225.74050903320312,225.78417035762655,224.73603201881195,225.14654975840006,59589700
2017-11-06,226.08984375,226.22085435776503,225.53957254212585,225.6094359811802,49652600
2017-11-07,225.93263244628906,226.5265649754122,225.42602255271962,226.19465366347248,57502200
2017-11-08,226.31695556640625,226.41304779741046,225.47846088937456,225.75796800014018,50469600
2017-11-09,225.4958953857422,225.68805314872068,223.91494531222034,225.11157985978514,95085500
2017-11-10,225.426025390625,225.600723974454,224.7971478062067,225.1115999260466,59984700
2017-11-13,225.63565063476562,225.86275347101255,224.7098067481224,224.74475179722094,50228600
2017-11-14,225.11163330078125,225.2164418045128,224.0547520258686,224.8321261873201,61315200
2017-11-15,223.98484802246094,224.6661298286348,223.27736409509808,224.14206074959475,80811500
2017-11-16,225.88893127441406,226.25578761229633,224.8844811268868,224.9281424421125,67777000
2017-11-17,225.22509765625,225.86271808991955,225.14649129953867,225.53954973835357,75756800
2017-11-20,225.60948181152344,225.80163962703412,225.22516618050204,225.46975490503058,48075500
2017-11-21,227.08555603027344,227.26899754044936,225.5745225619716,226.37807207748506,69176800
2017-11-22,226.88467407226562,227.22530164809308,226.7187184194679,227.0942910420056,45033400
2017-11-24,227.40872192382812,227.5135570664607,227.23404999662972,227.3738035315452,27856500
2017-11-27,227.295166015625,227.74934495040995,227.09426533885556,227.4523787251362,52274900
2017-11-28,229.6011199951172,229.62732212336684,227.66208253883872,227.75817477926603,98971700
2017-11-29,229.4613800048828,230.26495641087212,229.01594379827893,229.73214423124162,77512100
2017-11-30,231.47018432617188,232.37854211196768,230.29977872676736,230.3783850742734,127894400
2017-12-01,230.98983764648438,231.73226666483723,227.75812700080465,231.25188552927713,164390900
2017-12-04,230.71034240722656,233.03366822283851,230.65791150982508,232.60569136026692,94040600
2017-12-05,229.88055419921875,231.59248823067725,229.74954359953608,229.88055419921875,77994500
2017-12-06,229.92422485351562,230.3522283702102,229.46130294566018,229.97662909551735,75898600
2017-12-07,230.64918518066406,230.9636106197974,229.66219423795215,230.64918518066406,77218600
2017-12-08,231.90696716308594,231.9156834339006,230.61426690101155,231.6012579582747,76563900
2017-12-11,232.60569763183594,232.66684480106926,231.88075449249916,232.60569763183594,83077500
2017-12-12,233.0161895751953,233.4878543703505,232.64061698611724,233.39176216427342,85195800
2017-12-13,232.99002075195312,233.6975047181604,232.9026714581071,233.26078490419235,102905400
2017-12-14,232.03794860839844,233.40051214201415,231.98554436904854,233.28696073833632,100666700
2017-12-15,233.9702606201172,234.43554878182445,232.9870121871894,233.03968429670263,144610300
2017-12-18,235.45388793945312,235.80504421757664,235.26074796775922,235.36609217204557,83653600
2017-12-19,234.54969787597656,235.74363483481503,234.47945053044936,235.69975033749483,82382900
2017-12-20,234.4267120361328,235.5679765584184,234.12822788094283,235.515304459944,76751500
2017-12-21,234.9095916748047,235.6207187178105,234.66377957294816,235.05005956036698,67032300
2017-12-22,234.84815979003906,234.96229162203662,234.31262429947589,234.92716795261202,78720900
2017-12-26,234.5671844482422,234.78666045998,234.30382395075893,234.44426502174645,45244400
2017-12-27,234.6813507080078,235.0412946350718,234.40920255682684,234.7340228152358,57751000
2017-12-28,235.16416931152344,235.20808059186288,234.79546458911238,235.18174454026212,45116100
2017-12-29,234.27749633789062,235.76115654365725,234.08438313836797,235.74360810502137,96007400
2018-01-02,235.95425415039062,235.98937781286247,234.75152992789862,235.13780984057547,86655700
2018-01-03,237.4467315673828,237.59598705803205,236.12108775526218,236.12108775526218,90070400
2018-01-04,238.44752502441406,238.93038836501717,237.50818797814625,238.08760791196542,80636400
2018-01-05,240.03659057617188,240.1594832389474,238.74607026371623,239.2376944978411,83524000
2018-01-08,240.4755096435547,240.63352595605033,239.65027762295614,239.93997419586478,57319200
2018-01-09,241.01988220214844,241.64318682639762,240.6160268870428,240.8969627258512,57254000
2018-01-10,240.6510772705078,240.9144645859903,239.59760838310203,240.2647973076733,69574300
2018-01-11,242.40684509277344,242.40684509277344,241.03731701361116,241.20412091479793,62361500
2018-01-12,243.98709106445312,244.1538681759935,242.37172413060318,242.67023506663259,90816100
2018-01-16,243.153076171875,245.892132412774,242.4595244982165,245.24249201477997,106555100
2018-01-17,245.47073364257812,245.85701356015943,243.15308092859505,244.08365705963055,113258800
2018-01-18,245.05813598632812,245.777996906449,244.56648509700818,245.35662013203756,100728000
2018-01-19,246.17315673828125,246.17315673828125,245.05822788255017,245.63762116463693,140920100
2018-01-22,248.1746826171875,248.1746826171875,245.9096753056834,245.96237419359392,91322400
2018-01-23,248.70147705078125,248.99117363539048,247.89379343511357,248.21861368775413,97084700
2018-01-24,248.6048583984375,249.93928967925865,247.42847020558543,249.34229457344156,134816100
2018-01-25,248.71022033691406,249.56178838394288,247.92011200672914,249.4652317930512,84587300
2018-01-26,251.5896453857422,251.63355664822703,249.28954184281957,249.5441414324435,107743100
2018-01-29,249.92169189453125,251.45802381833292,249.7636756123294,251.01907184010386,90118300
2018-01-30,247.3582763671875,249.97441352934558,246.88420063512552,248.0957126217795,131796400
2018-01-31,247.48117065429688,248.71023108676374,246.41012653639544,248.20984609063984,108364800
2018-02-01,247.20016479492188,248.49947219305156,246.41005665466076,246.75245203062417,90102500
2018-02-02,241.81866455078125,246.01504454765396,241.7835408895909,245.88333751606618,173174800
2018-02-05,231.70523071289062,242.16985973581026,231.1609344386689,240.0628951810938,294681800
2018-02-06,236.27032470703125,236.7707364527866,227.11379176202638,228.20238422661203,355026800
2018-02-07,234.98863220214844,239.1059783080259,234.90959724654337,235.71728090980616,167376100
2018-02-08,226.17446899414062,235.4275869953834,226.13934532363862,235.28711910488605,246449500
2018-02-09,229.5718994140625,231.42426402168795,222.03948137455444,228.95735588832179,283565300
2018-02-12,232.94308471679688,234.4091964404118,229.71240386406902,231.61744087262778,143736000
2018-02-13,233.52252197265625,234.0668183011388,231.16095748307058,231.74037748189377,81223600
2018-02-14,236.67420959472656,237.03415356141238,232.03008849184434,232.03887610785276,120735700
2018-02-15,239.69410705566406,239.70289466817567,235.95422776992558,238.41237482954068,111200300
2018-02-16,239.76441955566406,241.70460725988548,239.02698319234702,239.07089448024806,160420100
2018-02-20,238.26324462890625,240.25610472857488,237.47313604104693,238.8163286778625,86369700
2018-02-21,237.07801818847656,241.17784258546794,236.98146158652554,238.70214631468968,98883700
2018-02-22,237.38531494140625,239.71175595438413,236.71812589843753,237.99985866174583,110511300
2018-02-23,241.16912841796875,241.16912841796875,238.1315864664185,238.6056623798108,92766400
2018-02-26,243.96958923339844,244.06617263387662,241.6519359115766,242.24011676430848,86491400
2018-02-27,240.9232635498047,244.86507195937202,240.86180382064492,244.15394484904607,99099200
2018-02-28,238.48265075683594,242.4683429952986,238.166618131019,242.02060331721685,121907800
2018-03-01,235.01487731933594,239.81701257223227,233.52243001990198,238.271893183783,176855100
2018-03-02,236.2264404296875,236.78831195402194,232.48658691293335,233.34691584624574,139083200
2018-03-05,238.95675659179688,239.57130027476285,234.93594018007119,235.04131119345968,97307400
2018-03-06,239.5624237060547,240.0101632742922,238.0699763395971,239.93112834571988,79213200
2018-03-07,239.4747772216797,239.82593364692818,237.20979550603664,237.40293555865102,87063500
2018-03-08,240.63348388671875,240.75637651111668,239.1586116449256,240.1506206276118,66901200
2018-03-09,244.82098388671875,244.82098388671875,241.7219851080828,242.03804435017088,113625300
2018-03-12,244.51385498046875,245.73415461272276,244.12757500993573,245.11085016588888,71924800
2018-03-13,242.93362426757812,246.17309254848522,242.32786829365196,245.67268078019714,91968900
2018-03-14,241.68701171875,244.07491217662238,241.1339545863704,243.8905597991625,105895100
2018-03-15,241.42359924316406,242.83701181881128,240.92318753477184,242.1961590473828,83433000
2018-03-16,241.6854705810547,242.73436294881552,241.63258751199234,241.9498859263665,100343700
2018-03-19,238.4153289794922,241.86168501139227,236.7670775944114,240.93620460870457,109208400
2018-03-20,238.82078552246094,239.4554090668735,238.14207483401023,238.81196271389197,59757300
2018-03-21,238.36245727539062,240.86568740550535,238.15092503585717,238.77672584368344,78709600
2018-03-22,232.4040985107422,236.98746785600503,232.1308334753327,236.14131191360167,148785900
2018-03-23,227.4505157470703,233.17095224027113,227.25660218969375,232.84483100714124,183534800
2018-03-26,233.6732940673828,233.95535498438946,228.64921511489823,231.04667911183574,141956100
2018-03-27,229.69818115234375,235.1365304194615,228.1468725088058,234.60769965354467,129941400
2018-03-28,229.01939392089844,231.496209377788,227.91761869403678,229.8303123233447,146452300
2018-03-29,231.94578552246094,233.80559665521437,229.02828599134764,230.15650308888857,111601600
2018-04-02,226.9392547607422,231.92809620608446,224.4712755675117,231.41685743848606,186286300
2018-04-03,229.8479766845703,230.32395120875591,226.38400113918595,228.1732833869567,119956900
2018-04-04,232.30709838867188,233.01222376677336,226.17242152300034,226.30462916904324,123715300
2018-04-05,234.1404571533203,235.02187728674107,232.97697612149102,234.0611056703616,82652600
2018-04-06,228.9224853515625,233.67332686335382,227.4064413333874,232.18375127749687,179521200
2018-04-09,230.05064392089844,233.43529384498132,229.11634077565296,230.37676505100026,105442900
2018-04-10,233.7085418701172,234.49301869650768,231.79587525314687,232.93288785263687,103529000
2018-04-11,232.48342895507812,234.1405034372823,232.15730774505533,232.22780953419007,91140200
2018-04-12,234.3960723876953,235.33919847775888,233.62924110095946,233.80553590428718,68890500
2018-04-13,233.7085418701172,235.81514889026525,232.70373691024142,235.70055996966371,85079200
2018-04-16,235.63006591796875,236.3969241380238,234.51949468322138,235.3392090680808,63405300
2018-04-17,238.15097045898438,238.75032985118625,236.88172298207755,237.39293495805802,64682000
2018-04-18,238.3272247314453,239.12929345575915,237.86886900462565,238.5916400362949,57303900
2018-04-19,237.0050811767578,237.8776785328516,235.97380774780348,237.67494221124622,77655900
2018-04-20,234.9954833984375,237.15497416981347,234.11406298543773,236.93461906656353,99953100
2018-04-23,234.96026611328125,236.12374761400648,233.88493204118404,235.5684484023504,65558000
2018-04-24,231.79586791992188,236.20296842635491,230.29744298821194,235.98261340103326,112885500
2018-04-25,232.3688201904297,232.80953030666575,229.91847302010967,231.73419654709733,103840900
2018-04-26,234.7310333251953,235.55957054280748,232.95057403778003,233.39128417911363,67731900
2018-04-27,234.95140075683594,235.6389075375341,234.01709735995928,235.33922785351837,57053600
2018-04-30,233.14447021484375,236.12367485222273,233.0739415341474,235.5683758116827,82182300
2018-05-01,233.5587158203125,233.66448193214373,231.02901745124638,232.58032548825824,74203400
2018-05-02,231.9898223876953,234.17572740968185,231.60199532273418,233.36483583662604,86368900
2018-05-03,231.47853088378906,232.13077311783923,228.3318548270563,231.1612325749448,136311500
2018-05-04,234.47535705566406,235.15406772398305,230.1828456237386,230.5089667454372,91222100
2018-05-07,235.2686767578125,236.23821739751983,234.5547016940085,235.24223522943518,55304900
2018-05-08,235.2686767578125,235.63003534603325,233.70854588712598,234.89846846172185,67499200
2018-05-09,237.5427703857422,237.86889159229474,235.41854423903627,235.93857898716234,59666100
2018-05-10,239.763916015625,240.09006408856357,238.1773703959911,238.28313651745867,72063900
2018-05-11,240.4955596923828,240.7599750508473,239.37613857764643,239.88737746909874,59871500
2018-05-14,240.61009216308594,241.57963284906248,240.06358905252702,240.9273905187562,54790600
2018-05-15,238.9530029296875,239.40250890537564,238.00987693366224,239.3848901863238,87036100
2018-05-16,239.95779418945312,240.41614984670522,238.9617851943398,238.98825361961775,53942600
2018-05-17,239.7551727294922,240.8305066984586,238.9795184700651,239.69346684548864,56536400
2018-05-18,239.15574645996094,239.7727513992917,238.80318373697688,239.4113658661193,64368000
2018-05-21,240.95382690429688,241.49150719389405,240.2487015297659,240.6365285554006,58025900
2018-05-22,240.28396606445312,241.72950821369673,239.95784486948793,241.47388880461108,52966400
2018-05-23,240.9449920654297,240.97146049199173,238.8560306763974,239.0147067417322,64694200
2018-05-24,240.4514923095703,240.82170074068443,238.67103265223724,240.54846254819319,76043800
2018-05-25,239.87843322753906,240.50423385832602,239.37601740197113,239.87843322753906,56374800
2018-05-29,237.11965942382812,239.01473442804837,236.0090882306861,238.25669904659816,115908600
2018-05-30,240.28396606445312,240.72467619793298,238.3536804267183,238.42418221259786,69678400
2018-05-31,238.8119659423828,240.17815634870945,238.21260672533674,239.87847674018641,93519900
2018-06-01,241.15652465820312,241.45620423939144,240.03710400918308,240.1076326746418,71258400
2018-06-04,242.3024444580078,242.55806388655805,241.73834943158178,241.97632323820955,45385200
2018-06-05,242.47862243652344,242.85762654182324,241.66770428446713,242.43453530177635,51135000
2018-06-06,244.50599670410156,244.61176284099088,242.46991787253975,243.0869228694796,62732200
2018-06-07,244.4796142578125,245.2817101881661,243.5717521650071,244.99085324142365,72969400
2018-06-08,245.2022247314453,245.25510777798377,243.85365324710878,244.02112519408155,72139700
2018-06-11,245.52838134765625,246.2423294780415,245.30802632225817,245.42261523927425,58892500
2018-06-12,245.84567260742188,246.20703112820215,245.2022263385827,245.9426158937768,72329000
2018-06-13,245.061279296875,246.33934946200577,244.85854294896512,246.08373004921717,79070600
2018-06-14,245.6783447265625,246.20717550552266,245.0877811582985,245.92514138968352,77097600
2018-06-15,245.3647918701172,245.70123980912814,243.7888202239004,244.89554264454674,120041600
2018-06-18,244.8601531982422,244.98411909558473,243.43470749636697,243.91279219287506,52917600
2018-06-19,243.92166137695312,244.1430058972589,242.1774654761599,242.59359425511855,97531500
2018-06-20,244.3378448486328,245.00187855818777,244.00139677932216,244.60344752461447,53785500
2018-06-21,242.80604553222656,244.34662157135446,242.31023603123566,244.32889671943892,71061400
2018-06-22,243.24876403808594,244.17842722996417,243.02741951900938,244.06332375690923,54898500
2018-06-25,239.93746948242188,242.25715582365535,238.2552564656156,242.09779424744752,137854200
2018-06-26,240.46865844726562,241.318613720225,239.7515044638951,240.50408113101963,68547400
2018-06-27,238.47654724121094,242.4784456972088,238.32602110676876,241.0530002208794,105110700
2018-06-28,239.840087890625,240.60150009170255,237.7151588224368,238.42347751836468,76650500
2018-06-29,240.185302734375,242.2925063463622,240.07019929042124,240.92901688809027,97592500
2018-07-02,240.69886779785156,240.85825638445402,238.379181590529,238.61825096063558,63554800
2018-07-03,239.8489227294922,241.69052431494146,239.42395853253888,241.59311867340935,42187100
2018-07-05,241.80560302734375,241.86758597984274,239.90204549181354,240.9733724606823,56925900
2018-07-06,243.8508758544922,244.22271956770294,241.4514814771822,241.83221463826726,66493700
2018-07-09,246.04664611816406,246.09976665933533,244.807121791495,244.8513799026031,50550400
2018-07-10,246.93197631835938,247.0293819712378,246.2059597045332,246.4981496435699,51966800
2018-07-11,245.125732421875,246.17049896399453,244.82470715366816,245.38249959930695,77054700
2018-07-12,247.34812927246094,247.40124980844712,245.78101942166649,246.38307017591055,60124700
2018-07-13,247.54283142089844,247.84385669811354,246.71943636678722,247.170987792406,48216000
2018-07-16,247.321533203125,247.72879959326502,246.87884412092146,247.5871628642055,48201000
2018-07-17,248.32200622558594,248.71157476595965,246.49812943183477,246.55124995828604,52315500
2018-07-18,248.84439086914062,248.95063192835636,247.95901268287895,248.4017017760098,44593500
2018-07-19,247.9058380126953,248.5610090811737,247.4277263310422,248.18030302892774,61412100
2018-07-20,247.62255859375,248.33087733719734,247.46319700882336,247.70223938621334,82337700
2018-07-23,248.08294677734375,248.28656644152343,247.0736028050646,247.41891322282152,47047600
2018-07-24,249.33131408691406,250.17243409081593,248.4636608403578,249.49070268000807,68026900
2018-07-25,251.4562225341797,251.77494565505225,249.03913078919018,249.08338888278033,78882900
2018-07-26,250.86300659179688,251.54473794462018,250.64166208534337,250.73906771837133,57919500
2018-07-27,249.16311645507812,251.2880184882975,248.24231566683144,251.1906128472391,76768700
2018-07-30,247.86160278320312,249.40215198668153,247.33920594196468,249.24279041796194,63742500
2018-07-31,249.0833282470703,249.69424109961804,248.2422355364574,248.62294151135336,68570500
2018-08-01,248.66732788085938,249.79177557602364,248.02101903646468,249.28710347754523,53853300
2018-08-02,250.02188110351562,250.1900780484802,247.16210072568546,247.36574737214292,63426400
2018-08-03,251.09327697753906,251.14639751094435,249.9688293080611,250.14591576581194,53935400
2018-08-06,252.0140380859375,252.32389880862098,250.73909144654593,251.12865997633756,39400900
2018-08-07,252.84634399414062,253.22707722961223,252.54531858952848,252.67814696122522,43196600
2018-08-08,252.74005126953125,253.13848226400177,252.27966433647936,252.67809533094987,42114600
2018-08-09,252.39474487304688,253.19157976992932,252.26194356016575,252.80201123908088,35717000
2018-08-10,250.70364379882812,251.5004786142231,249.99532516990476,250.9604109905374,77076000
2018-08-13,249.76519775390625,251.58907469989234,249.47300781443937,250.97816157511463,65732900
2018-08-14,251.35882568359375,251.59789505219464,250.10160397009915,250.49117247783963,43842000
2018-08-15,249.4818115234375,250.15470744907108,248.04750348792777,250.01304372685388,102925400
2018-08-16,251.5005645751953,252.36824505984566,250.8807889405019,250.9162116389535,69967900
2018-08-17,252.38589477539062,252.82858385301807,250.8896035314421,251.2968699173722,65618500
2018-08-20,252.92601013183594,253.1916127922392,252.38591536288368,252.83746690516844,39807500
2018-08-21,253.51919555664062,254.37801350839973,252.9614029564797,253.4395147594175,67272000
2018-08-22,253.36866760253906,253.89103744915988,252.84627073632237,253.11190038315056,44993300
2018-08-23,253.03221130371094,254.05039070086602,252.71346114188097,253.19157287482844,49204900
2018-08-24,254.5550079345703,254.6966716405088,253.5545265873472,253.6076470996255,57487400
2018-08-27,256.56488037109375,256.6711214264323,255.5909589978284,255.75032058083627,57072400
2018-08-28,256.6888122558594,257.13150127415275,256.22839838429445,257.02523321330386,46943500
2018-08-29,258.0700378417969,258.3002177918885,256.6622897986318,256.9013321766645,61485500
2018-08-30,257.0252380371094,257.96373661193746,256.4320498724357,257.5918929605646,61229500
2018-08-31,257.03411865234375,257.4768077102713,256.13104270122597,256.617989857108,66140800
2018-09-04,256.5914611816406,256.94560706766003,255.59097946442648,256.61802144760213,57594400
2018-09-05,255.90081787109375,256.4409125342316,254.89150093970582,256.2372658547544,72452400
2018-09-06,255.13050842285156,256.3080491851552,254.10346677819166,256.0070239302775,65909900
2018-09-07,254.63479614257812,255.6087176445946,253.84679651198275,254.08586593769624,73524800
2018-09-10,255.07745361328125,255.90971124627146,254.88266933705808,255.64408158618681,50210900
2018-09-11,255.91845703125,256.36114595676304,254.08574541451273,254.43102872622725,50530500
2018-09-12,255.98048400878906,256.58253456637283,255.1925116359852,255.92736349015473,59810800
2018-09-13,257.4944763183594,257.68042515569164,256.75962445423187,257.04295190384914,51034200
2018-09-14,257.53875732421875,257.8840406945149,256.75962035999163,257.69811887974004,55079900
2018-09-17,256.17535400390625,257.52111929245183,255.9008888925555,257.4857236145753,68244000
2018-09-18,257.5652160644531,258.15840396050885,256.36108840718236,256.3876486559672,61930400
2018-09-19,257.8398132324219,258.2559420232231,257.4945028015122,257.6184687058169,49080600
2018-09-20,259.9293212890625,260.2480714927518,257.8575395336768,259.0970906351815,100360600
2018-09-21,259.69183349609375,260.78578814845525,259.53175051533134,260.670163615046,105479700
2018-09-24,258.8291320800781,259.25604717756437,258.25103654562844,259.11374214506895,53409600
2018-09-25,258.58892822265625,259.3893700355499,258.34880382135856,259.2826480794176,44370000
2018-09-26,257.81524658203125,259.9141847464246,257.3972340300499,258.7313131778317,79739700
2018-09-27,258.5356750488281,259.6207272917874,258.01094045110614,258.2866480000463,59249500
2018-09-28,258.5622863769531,259.0603403412746,257.87746896148747,257.913024857578,70091400
2018-10-01,259.46063232421875,260.52787942324136,258.79359270911283,259.7985762633335,62078900
2018-10-02,259.30938720703125,260.0208851700745,258.93586027610115,259.30938720703125,47258200
2018-10-03,259.45184326171875,260.7770205246178,259.09609407310626,260.35900776396915,64694600
2018-10-04,257.42388916015625,259.02477312297555,255.840783146468,258.97141213367536,111545900
2018-10-05,255.98316955566406,258.1621496899849,254.5601460574228,257.64631758210425,105951700
2018-10-08,255.98316955566406,256.33891864474543,253.91978684031002,255.2983247387188,87742200
2018-10-09,255.60960388183594,256.9081002124858,255.04928619930556,255.6007284758009,74339000
2018-10-10,247.5161590576172,255.17378805809057,247.1426320674937,255.10262196536394,214731000
2018-10-11,242.06419372558594,248.04974399043707,240.4543801338489,246.43105499541062,274840500
2018-10-12,245.42611694335938,246.44000303227887,242.2420993529125,246.1553929525463,183186500
2018-10-15,244.04750061035156,246.3954925595385,243.9585565864753,245.07028903016487,102263700
2018-10-16,249.3839569091797,249.75751116325736,245.53292549598407,246.0042992321293,118255800
2018-10-17,249.42835998535156,250.05091401359377,246.8580209490984,249.41945743831997,110626000
2018-10-18,245.8262939453125,249.09035262690333,244.55447843294348,248.4944520427115,134557500
2018-10-19,245.6929168701172,248.40553369282395,244.99919677874857,246.47558100230958,139901600
2018-10-22,244.59007263183594,246.68010818995015,244.0564355596308,246.35994223177246,82415800
2018-10-23,243.3448486328125,244.46548348573245,238.89791939665656,240.97910616405136,146352700
2018-10-24,235.97189331054688,243.47831310802016,235.42047834896334,243.09585651106832,177806700
2018-10-25,240.20538330078125,241.7440310079275,236.78126856701027,237.8040571423669,138061500
2018-10-26,235.98081970214844,241.0236512105069,233.27710529716651,236.50558142545964,201574600
2018-10-29,234.6733856201172,240.35657539863922,231.10696608457545,239.06695479413133,160749100
2018-10-30,238.15089416503906,238.46218471265607,234.01525443786565,234.50443305323765,157116000
2018-10-31,240.694580078125,243.00698951534628,240.24098445251798,240.71235803018175,128296300
2018-11-01,243.25596618652344,243.4516321862805,240.47218374803228,241.55723572088397,99495000
2018-11-02,241.815185546875,244.78573168928202,239.76958135193883,244.3588166152821,122634100
2018-11-05,243.1492462158203,243.70066118097728,241.33489121602472,242.3043186776565,65622500
2018-11-06,244.6878204345703,244.84790336679174,243.02467330761215,243.08693682855414,60085900
2018-11-07,249.92633056640625,250.00637203721428,246.43102348970677,246.85793847591884,102752100
2018-11-08,249.4727783203125,250.11313733964522,248.33436530171073,249.12590474479975,65584900
2018-11-09,247.03590393066406,248.35217805236317,245.630658624312,248.1654145619431,98812600
2018-11-12,242.41995239257812,246.76903588800957,241.9040933048996,246.528911435274,99673600
2018-11-13,241.9663848876953,244.87466772001525,241.2459843040756,242.88245150278644,98176600
2018-11-14,240.3121795654297,244.23434910765496,238.75575360229067,243.83414157371095,125335900
2018-11-15,242.8201446533203,243.28264272262598,237.4749534984664,239.0491568741506,135101400
2018-11-16,243.4516143798828,244.35877823500198,241.21034452079422,241.72620354692577,126668000
2018-11-19,239.3338165283203,243.14038813498033,238.41774988663542,242.84687550829725,103061700
2018-11-20,234.90464782714844,237.46608408810766,234.0419422412269,236.00747788431894,136021300
2018-11-21,235.7051239013672,237.59952087377042,235.6962484957569,236.45220506168295,75563700
2018-11-23,234.1309051513672,235.52724792786714,233.97082215763012,234.06864160649894,42807900
2018-11-26,237.9107666015625,238.13311311240508,235.98968949085364,236.38102152128923,79981400
2018-11-27,238.71119689941406,238.71119689941406,236.27428794556133,236.8790639113208,75502400
2018-11-28,244.2076873779297,244.2076873779297,238.6490227965606,239.7785608103216,127629600
2018-11-29,243.67398071289062,245.07029607445224,242.29541615794696,243.43382912733134,82346400
2018-11-30,245.1592559814453,245.71957352817088,243.20262298270973,243.52278892831978,98204200
2018-12-03,248.4054412841797,249.38377108547434,246.81346025587797,249.27704913295136,103176300
2018-12-04,240.3566131591797,248.00533967236856,240.04532257036914,247.57842453840732,177986000
2018-12-06,239.99192810058594,240.1075526296109,233.41047676923458,236.5055499894933,204185400
2018-12-07,234.41546630859375,241.21926354147223,233.5794413265767,239.65393555098828,161018900
2018-12-10,234.86013793945312,235.8295653002673,230.01297399347905,234.23755696114154,151445900
2018-12-11,234.91357421875,238.23986982038016,233.4460924616727,238.05310632378428,121504400
2018-12-12,236.09642028808594,239.24485459889894,236.0163787982232,237.88409498741427,97976700
2018-12-13,236.01638793945312,237.90188215211614,234.90465530067445,237.03917653874748,96662700
2018-12-14,231.65835571289062,234.82456747202116,231.10694077556747,233.87291800694808,116961100
2018-12-17,227.11361694335938,231.81846306627645,225.4860388815235,230.70673052985472,165492300
2018-12-18,226.8645782470703,229.41712524737136,225.26368076295105,228.75008575990108,134515100
2018-12-19,223.4670867919922,230.70668716555602,221.7683701095604,226.9445887693069,214992800
2018-12-20,219.82949829101562,223.78726259807357,217.58824215552116,222.2219483920661,252053400
2018-12-21,215.32534790039062,223.38552036390047,214.68124937399995,220.72861735508985,255345600
2018-12-24,209.63583374023438,215.45060262563953,209.57322025034426,213.84035620425558,147311600
2018-12-26,220.2276153564453,220.2276153564453,209.11693755623702,211.09396462178614,218485400
2018-12-27,221.9184112548828,222.1152062471228,213.76878896161634,216.99822249418898,186267300
2018-12-28,221.6321258544922,224.89733637571823,220.46916948727355,223.26920838177477,153100200
2018-12-31,223.57339477539062,223.81493515727374,221.38167686997687,223.25134548294824,144299400
2019-01-02,223.80593872070312,224.72736835312008,220.02187048062882,220.0487067791242,126925200
2019-01-03,218.46533203125,222.36570038148278,217.9822513104657,222.06153288497993,144140700
2019-01-04,225.7830352783203,226.4271339407379,221.11332680089626,221.48904874560537,142628800
2019-01-07,227.56317138671875,228.96765431227632,225.15674999016903,226.05132962307513,103139100
2019-01-08,229.7012481689453,230.18432891084558,227.2232719214142,229.74599353972656,102512600
2019-01-09,230.77474975585938,231.61565694335764,229.18239882003667,230.40796876553281,95006600
2019-01-10,231.58883666992188,231.8393179366992,228.56515239927478,229.24504182356054,96823900
2019-01-11,231.67825317382812,231.70508947195933,229.93381189408592,230.51528322053164,73858100
2019-01-14,230.26480102539062,231.06991726630778,229.37917589042223,229.78172036067835,70908200
2019-01-15,232.9038543701172,233.2169627574834,230.6316140537097,230.6405685877629,85208300
2019-01-16,233.4674530029297,234.3530782952415,233.1275083007143,233.3332441885954,77636700
2019-01-17,235.23867797851562,236.09749417495806,232.5549387905483,232.59968415725848,96118400
2019-01-18,238.3697509765625,238.8349499938338,235.2745121865881,237.0457902053426,127900300
2019-01-22,235.14923095703125,237.11731741906,233.53899825203223,236.90262700516908,115531200
2019-01-23,235.64125061035156,236.87577500924823,233.18115634601335,236.17800390992494,86030300
2019-01-24,235.76649475097656,236.34799345977734,234.451461356412,235.46234089582398,59204100
2019-01-25,237.76138305664062,238.5844083633359,235.86487852864417,237.60929250091039,96883400
2019-01-28,235.95437622070312,236.01697605824288,234.19205292689497,235.62338606355894,85613700
2019-01-29,235.64125061035156,236.66105730917477,234.80929801123665,236.09749501004995,66136300
2019-01-30,239.37164306640625,240.2125502350187,236.3927044417232,237.15310270700996,92473700
2019-01-31,241.473876953125,241.95695760539888,239.09429182206264,239.3090095010756,104012100
2019-02-01,241.5901641845703,242.60999803104392,240.80292976983338,241.67067307238622,85782500
2019-02-04,243.28985595703125,243.35248307999146,240.9639435791578,241.63487826698272,60744800
2019-02-05,244.30970764160156,244.61386144626238,243.21831937762838,243.71928179711728,79552800
2019-02-06,243.98764038085938,244.52439362076777,243.25410583006848,244.03238574275397,58347800
2019-02-07,241.66177368164062,242.9231070364727,240.00679577368695,242.37742652272038,95482000
2019-02-08,241.9569549560547,242.05534561170498,239.59525161560148,240.4182768919302,75788900
2019-02-11,242.09115600585938,242.86943598309523,241.56335725463512,242.61002752428735,68021400
2019-02-12,245.20425415039062,245.57996226402665,243.62978544456178,243.70136709504527,72270200
2019-02-13,246.00047302246094,246.84138015886657,245.61581028783473,246.03626385603758,65277200
2019-02-14,245.4547576904297,246.58193673483984,244.10393374358281,244.9180044645009,83234400
2019-02-15,248.12966918945312,248.16546003630384,247.02039864083582,247.2261345842888,97088700
2019-02-19,248.5589141845703,249.21193973325734,247.32439013308087,247.33334466401604,59120800
2019-02-20,249.0599365234375,249.51618090468128,248.0222207996787,248.52318324557527,76610800
2019-02-21,248.17431640625,248.7826240600063,247.21710955964718,248.4247976342912,64214700
2019-02-22,249.71299743652344,249.90977876755096,248.15641015139627,248.79155411176745,78114600
2019-02-25,250.0529022216797,251.6542074923286,249.97239332656173,251.13536329032226,69030700
2019-02-26,249.87405395507812,250.75072474880014,249.49831840033238,249.70408159702777,56844100
2019-02-27,249.7666778564453,250.1155497637619,248.2279995898932,249.15834287634237,56921600
2019-02-28,249.30148315429688,249.99032704780788,248.97944754206418,249.55196439728053,69268300
2019-03-01,250.8580780029297,251.2695770643132,249.4267448715506,250.87595977067375,78880500
2019-03-04,249.9456329345703,252.1552465063105,247.65551044326227,251.91371974760702,106494600
2019-03-05,249.6056365966797,250.2676441881034,249.05995604336294,250.070835547476,59114600
2019-03-06,248.09385681152344,249.73095348275567,247.77182111906677,249.72199894671584,75039800
2019-03-07,246.0183868408203,247.78963728117097,245.17747968817417,247.646501244507,94885100
2019-03-08,245.52638244628906,245.69635480490905,243.7014591754392,244.16663087774018,85795800
2019-03-11,249.0867156982422,249.24773345455228,246.21512317578097,246.24195946849932,65098900
2019-03-12,250.0260772705078,250.54494879646793,249.453560445773,249.64141454290714,79667500
2019-03-13,251.68106079101562,252.61143136478677,250.75069021724445,250.91173531876376,80639200
2019-03-14,251.52005004882812,252.12835773703998,251.08171470002955,251.7079041553978,67518400
2019-03-15,252.7626495361328,253.57131202170393,251.88209009768903,252.0707990334898,81309000
2019-03-18,253.67921447753906,253.97574152070632,252.75373970095887,252.97836976731972,62199800
2019-03-19,253.74205017089844,255.5031417462448,252.8525241186721,254.73942165972792,90268100
2019-03-20,252.9783477783203,254.7304731119043,251.87318549711011,253.5264593513431,84609200
2019-03-21,255.83566284179688,256.23998047374977,252.11577610387022,252.16071856563832,79550400
2019-03-22,250.9117431640625,254.99999873616272,250.8488401747913,254.47886913237073,122659300
2019-03-25,250.72311401367188,251.75640688205587,249.4651910686538,250.5703534964687,85575200
2019-03-26,252.59202575683594,253.54445509403368,251.19033626357648,252.4752137289537,68125900
2019-03-27,251.27117919921875,253.16707116109836,249.7257232922533,252.58301106957472,72224700
2019-03-28,252.22360229492188,252.6728624031701,250.75004339861144,251.90014817890042,56238500
2019-03-29,253.81399536132812,254.1374494706387,252.60998158668255,253.73313183400046,82186800
2019-04-01,256.8240051269531,257.12053213515975,255.53912787981554,255.8087003800633,77617900
2019-04-02,256.94976806640625,257.18339204335194,256.1590660711943,257.01267104799234,40070400
2019-04-03,257.3541259765625,258.55813955865335,256.75210547518907,258.16278854117206,68243200
2019-04-04,258.0370788574219,258.28866346963747,256.9858253573542,257.6776761857805,48997500
2019-04-05,259.2859802246094,259.33988924285876,258.41441453536396,258.7019475798009,58621700
2019-04-08,259.4836120605469,259.59143007888594,258.20770152867095,258.86363103444137,53566300
2019-04-09,258.15380859375,258.8456592016085,257.60572449284734,258.522205126451,66142300
2019-04-10,259.0343933105469,259.1242508136989,258.1538336527132,258.5671452624204,52601500
2019-04-11,258.9624938964844,259.52856599827516,258.39642179469354,259.5195720218468,55093100
2019-04-12,260.71466064453125,260.99319975147006,259.0074775121329,260.57089410213314,69727800
2019-04-15,260.54388427734375,260.8853263154702,259.74418819639936,260.78647484201645,49596700
2019-04-16,260.71466064453125,261.47840840448066,260.12163393988806,261.4244993786644,52153200
2019-04-17,260.0766906738281,261.8557431740678,259.6633516265314,261.8287886640842,58268300
2019-04-18,260.5888366699219,260.85840920108075,259.3668622747877,260.6607336464958,68708500
2019-04-22,260.81341552734375,260.9661760070736,259.7352078763909,259.8250653691345,40160100
2019-04-23,263.15850830078125,263.3921322454848,260.9481570615082,261.18175358556095,52246600
2019-04-24,262.5745544433594,263.410171605521,262.43078792825753,263.0777235358863,50392900
2019-04-25,262.41278076171875,263.06871029746924,261.22675508512435,262.47568374884355,57770900
2019-04-26,263.634765625,263.7066351624023,261.6849650923547,262.45770657786915,50916400
2019-04-29,264.048095703125,264.56925271334455,263.6347841375647,263.7246416311188,57197700
2019-04-30,264.1828308105469,264.47036378092696,262.29596081647924,263.7066163248907,81111700
2019-05-01,262.1971435546875,265.0185097807534,262.1881495792361,264.8118402899683,71671900
2019-05-02,261.631103515625,262.99687175976754,260.13955670306206,262.08036361263817,65030200
2019-05-03,264.1918640136719,264.4704030511326,261.7388942682371,263.10466237001356,56543700
2019-05-06,263.1045837402344,263.54484968322805,259.5823739343374,259.89686135961114,107198100
2019-05-07,258.7109375,261.2986802923113,256.80607889473276,260.7056536173514,144729900
2019-05-08,258.3514709472656,260.0586535717971,257.7584444190409,258.3514709472656,91568300
2019-05-09,257.5697326660156,258.1717256781386,254.5506913693155,256.28485571593546,103471100
2019-05-10,258.8636779785156,259.6184316644171,253.65224430825242,256.6353379863347,112429300
2019-05-13,252.3583984375,254.7215112151304,251.52278113899095,253.76011533329586,127290500
2019-05-14,254.64051818847656,256.1680128908346,253.24782339917624,253.3736019185407,77003200
2019-05-15,256.1321716308594,256.7701133090534,252.8076358497461,253.0143053717125,73956400
2019-05-16,258.5043029785156,259.86104999438817,256.7611713913975,256.8330409507783,76749600
2019-05-17,256.83294677734375,259.31287068694866,256.18601129747526,256.20399924622245,100353000
2019-05-20,255.13482666015625,256.94083365080587,254.38903952425764,255.23365072213795,62877600
2019-05-21,257.4350280761719,257.8123911999107,256.57242895202023,256.8240135080661,46847100
2019-05-22,256.6443176269531,257.59674680267347,256.16810303909295,256.48259057914987,49482500
2019-05-23,253.5085906982422,254.46998680743732,252.09790691187973,254.42507175005557,98733800
2019-05-24,254.08352661132812,255.35943728786714,253.46354551492902,254.94609827649518,55268100
2019-05-28,251.72030639648438,255.31438545242744,251.7023458726376,254.3619566962543,70029400
2019-05-29,250.0311737060547,251.01055730636347,248.62948456977267,250.60623972127644,104972900
2019-05-30,250.71414184570312,251.62165620886213,249.61794587954387,250.786011411386,62523800
2019-05-31,247.3355712890625,248.9978386438905,247.3086167879854,248.17121566375747,86862800
2019-06-03,246.70669555664062,248.48574798655588,245.37687580180707,247.37159172372733,96428000
2019-06-04,252.0618438720703,252.19661640364242,248.54862697225056,248.99788702459594,77231900
2019-06-05,254.2452850341797,254.27223954514707,251.87320580706177,253.67921288320204,71169700
2019-06-06,255.89849853515625,256.5723885707165,253.8948163786434,254.54175190960748,69430400
2019-06-07,258.4593200683594,259.53755523499956,256.74314326213107,256.9138642871934,74272200
2019-06-10,259.6453857421875,261.3076536120134,259.55552823720706,260.0047883414486,60799100
2019-06-11,259.58245849609375,261.8287588074491,258.93552290959707,261.46036226590786,58641300
2019-06-12,259.1241760253906,259.90588397794284,258.61201308383846,259.348806008108,47096300
2019-06-13,260.1934509277344,260.55288092143763,259.3308792682955,260.0317238829631,48945200
2019-06-14,259.9059753417969,260.5079685515309,259.1422276479497,259.9059753417969,52324700
2019-06-17,260.0047607421875,260.7685083224592,259.83403972704474,260.13953327502185,39205700
2019-06-18,262.7273864746094,263.7786675157358,261.4604692899368,261.8198994234062,85434800
2019-06-19,263.3203125,263.85043609708407,261.8916687545038,262.862058449699,78674400
2019-06-20,265.83612060546875,266.24046558371964,263.3831784940885,265.9978750491621,116570000
2019-06-21,265.4497375488281,266.82212083031214,265.2330527028107,265.5671176917623,83309500
2019-06-24,265.12469482421875,265.97338627298683,264.9711913645555,265.6573967423069,47582700
2019-06-25,262.52435302734375,265.2059379178657,262.4160106162554,265.1788523150936,82028700
2019-06-26,262.26251220703125,263.92382683504434,262.15416979385975,263.418210537563,51584900
2019-06-27,263.1923828125,263.69799890792183,262.64163324763393,263.020831542195,40355200
2019-06-28,264.5467529296875,265.0433313760385,263.65290070464994,264.16752703039054,59350900
2019-07-01,266.948486328125,268.08613665460155,265.74762708261784,267.86942429707057,78705600
2019-07-02,267.6438903808594,267.69806161991124,266.0638316157573,266.9035133750995,61504500
2019-07-03,269.7835693359375,269.80164477374774,268.1764259500246,268.3208916824014,40898900
2019-07-05,269.4765625,269.6391036536074,267.26449836154364,268.55562454830994,51677300
2019-07-08,267.9959716796875,269.29613623727494,267.45423185502074,268.1675230833992,45841800
2019-07-09,268.32989501953125,268.6278366109929,266.7859607557403,266.8401319541879,41101300
2019-07-10,269.612060546875,270.56011189882554,268.8626737180611,269.39537569112645,58448500
2019-07-11,270.244140625,270.48791112906963,269.241945443128,270.25317834686444,50826100
2019-07-12,271.4539489746094,271.5261956250817,270.42466841458145,270.73164779402924,40326000
2019-07-15,271.5442199707031,271.8873226456437,271.03860367732375,271.8873226456437,33900000
2019-07-16,270.66839599609375,271.6615806276131,270.3614166652641,271.4539059829256,36650100
2019-07-17,268.82659912109375,270.80393145030723,268.82659912109375,270.6414177790369,36036300
2019-07-18,269.8106384277344,270.18986439626957,267.88750564607955,268.32991298102115,51392600
2019-07-19,268.3118591308594,270.93023487092404,268.14030781010166,270.90314927048956,58678600
2019-07-22,268.9710388183594,269.51277855742103,268.1945663171256,268.7091928929078,43638100
2019-07-23,270.89422607421875,270.89422607421875,269.2599965310851,270.0906678856096,44564500
2019-07-24,272.167236328125,272.167236328125,270.04543875193104,270.13573328679485,47213200
2019-07-25,270.8670654296875,271.76995564778645,270.0634799096485,271.71578443902234,55394100
2019-07-26,272.681884765625,272.88052171662747,271.4268541311043,271.55327198811625,45084100
2019-07-29,272.1852722167969,272.68187835964795,271.6345224202421,272.56449822490094,38126500
2019-07-30,271.5170593261719,271.9233708139945,270.4064947990668,270.78572069130223,45849000
2019-07-31,268.54669189453125,271.9506064237515,266.53326388586026,271.76097959602436,104245200
2019-08-01,266.20819091796875,271.6526186964665,265.4136429910856,268.70017713336995,142646600
2019-08-02,264.2037048339844,265.55804002591907,262.6507327117384,265.31426961081803,116749700
2019-08-05,256.2582702636719,260.2219434044942,254.36219557639544,260.113601003053,178745400
2019-08-06,259.85186767578125,260.0685801265157,256.6737031233253,258.1454190061771,120711700
2019-08-07,260.0053405761719,260.7728029003708,254.65120730275834,256.78201534695285,140572300
2019-08-08,265.10662841796875,265.10662841796875,260.94431762874206,261.4950674503696,87713900
2019-08-09,263.30084228515625,264.76352003700896,261.5221474446139,264.1676091836573,93730000
2019-08-12,260.09564208984375,263.29185424173795,259.1475906449031,261.80209060429195,65527600
2019-08-13,264.1405334472656,265.58516336808646,259.4545308129541,259.79763351897674,94299800
2019-08-14,256.33050537109375,260.70049034452813,256.20411507951735,260.09556938065884,135622100
2019-08-15,257.0076904296875,257.9015704661981,254.96717731036955,257.215365095548,99556600
2019-08-16,260.79986572265625,261.23323542718947,257.06188669690755,258.6600201444486,83018300
2019-08-19,263.94189453125,264.6190622184229,263.13833653723043,263.81550422440336,53571800
2019-08-20,261.9194030761719,263.9689538188934,261.79301278192634,263.4362519312439,51596400
2019-08-21,264.0501708984375,264.4203315219926,263.39105133047104,264.0772564941614,49524700
2019-08-22,263.9689636230469,265.38650783914835,262.1993065597355,264.75450123640525,51666400
2019-08-23,257.18829345703125,264.33015864750445,255.94230050225514,262.6688438924776,149161500
2019-08-26,260.0323791503906,260.0323791503906,257.8473727295932,259.37325938101276,72423800
2019-08-27,259.01220703125,261.793125348652,258.2537822776039,261.4229369175807,66668900
2019-08-28,260.8360290527344,260.99854271685837,257.54949466784865,258.3530803749549,59696700
2019-08-29,264.1676330566406,264.6913248632864,262.3889380553566,263.3911606210267,57899400
2019-08-30,264.0501708984375,265.66632403331914,263.12019537323226,265.64827615417454,62901200
2019-09-03,262.50634765625,263.2647722903244,261.1790976581127,262.3528717175835,69101400
2019-09-04,265.48583984375,265.50388772814705,263.9238298917129,264.6732441815311,46887300
2019-09-05,268.8987121582031,269.81061234095563,265.44966567154756,267.9687365404941,83258100
2019-09-06,269.1064147949219,269.7474866798832,268.53761711069353,269.21478476498777,49584300
2019-09-09,269.24188232421875,270.18086834097136,268.3028687534425,270.0906013596085,51260300
2019-09-10,269.17864990234375,269.2418588270002,267.22840383509777,268.4834068391647,57947100
2019-09-11,271.0927734375,271.17403024628595,268.8355480133743,269.48563003768334,68821100
2019-09-12,272.0318908691406,273.08825734100435,271.2373428076178,271.9957675334264,72908700
2019-09-13,271.8512268066406,272.8263637238987,271.4810384912023,272.4742232943265,62104800
2019-09-16,271.01153564453125,271.89637799232213,270.3704912942259,270.72260415700487,58191200
2019-09-17,271.6977844238281,271.78805141832373,270.6413905587591,270.81294193474486,41475500
2019-09-18,271.8602600097656,271.9686024312111,269.27797956454594,271.30948262871954,73375800
2019-09-19,271.8421630859375,273.2416593963996,271.5080981282079,272.2484746882701,76560500
2019-09-20,270.5577392578125,272.7256250118713,269.7686018264229,272.44441106611964,89565000
2019-09-23,270.49432373046875,271.2109087987867,269.6416852140578,269.89566087758845,43476800
2019-09-24,268.3717956542969,271.9728243964235,267.41031441968806,271.5827953011382,94869400
2019-09-25,269.95916748046875,270.4036179808236,266.97493260928337,268.4534446997761,71854000
2019-09-26,269.396728515625,270.17678656371356,267.9907970655747,269.9681805505696,56179700
2019-09-27,267.94549560546875,270.258515016911,266.394430888546,270.1496445739282,84746600
2019-09-30,269.18817138671875,269.8956770404428,268.41719257426433,268.4625344992536,51662400
2019-10-01,265.9862060546875,270.7210593029976,265.7685205613803,270.06797514180766,88242400
2019-10-02,261.28765869140625,264.4170262525811,259.99964920337914,264.4079467960568,122539500
2019-10-03,263.42828369140625,263.4554943744778,258.3487439616913,261.0608435391244,85278800
2019-10-04,266.9930419921875,267.2470176140269,264.0269389043035,264.0813879558739,65091200
2019-10-07,265.841064453125,267.81847578384463,265.55987813972894,266.19483104942367,59610500
2019-10-08,261.7139892578125,264.72543473960826,261.67769911141454,263.9907184423583,95708100
2019-10-09,264.19927978515625,265.13355020756165,263.10174525349936,263.72761868689645,62359400
2019-10-10,265.9862060546875,266.8660551651619,263.9544009671046,264.1176650870851,55296300
2019-10-11,268.7437438964844,270.97510381384257,268.61676988687105,268.7346644381994,98720400
2019-10-14,268.4443664550781,269.0974506367518,268.0996792923519,268.42620754255415,40394800
2019-10-15,271.1020202636719,271.8458158960156,269.36953283376874,269.4874550292948,46754500
2019-10-16,270.6667175292969,271.3560920358637,270.2313464146453,270.63950683463116,48928200
2019-10-17,271.4648132324219,272.3355827530061,270.77543903460804,271.82763155922663,45736600
2019-10-18,270.27667236328125,271.57376153444164,269.42403373913845,270.92975667791666,64304000
2019-10-21,272.1088562011719,272.30841046123777,271.15645449887944,271.5918531611871,39048600
2019-10-22,271.219970703125,272.93429940069217,271.12925918317654,272.6440336093649,48594700
2019-10-23,272.0090637207031,272.0634850874928,270.75731692201106,270.965950615548,34352200
2019-10-24,272.45355224609375,273.08850518920275,271.62812449255955,272.9433722970273,35453100
2019-10-25,273.56915283203125,274.1133940724524,271.8275863989353,271.8820077548515,45205400
2019-10-28,275.1111755371094,275.61007494387354,274.7574366745982,274.7846473563298,42147000
2019-10-29,275.029541015625,275.9547595486964,274.7120646107723,274.8390662452186,44284900
2019-10-30,275.8731994628906,276.24506964645207,273.92299861636155,275.22916703094626,49643900
2019-10-31,275.1384582519531,275.8641227568858,273.68718460462867,275.8641227568858,69053800
2019-11-01,277.68731689453125,277.7326588147076,276.41741095435447,276.5807027657832,71141500
2019-11-04,278.802978515625,279.374430643672,278.43108065957426,279.23837720396307,60606900
2019-11-05,278.49462890625,279.30192558808307,278.2043630646061,279.00258028848964,42933200
2019-11-06,278.5581359863281,278.83024291816537,277.6147858205009,278.4946351418078,46487100
2019-11-07,279.53765869140625,280.8710375909936,279.0659976008694,279.89142527025837,54272300
2019-11-08,280.2270202636719,280.28144163006976,278.49453294996727,279.19295893958304,49032100
2019-11-11,279.6919250488281,279.86426864392786,278.71228485760133,278.848365987301,35797300
2019-11-12,280.281494140625,281.17947453569053,279.5104877305214,280.05472917772806,46484600
2019-11-13,280.3721618652344,280.77127035209,279.0659936684823,279.2927585959564,53917700
2019-11-14,280.78033447265625,280.8619942096514,279.45603498872856,280.090987886083,51219900
2019-11-15,282.8121337890625,282.85747569869864,281.42433364278145,282.1136801480739,62023600
2019-11-18,283.020751953125,283.25659632840035,282.1227717261377,282.5763015670428,49228000
2019-11-19,282.9391784667969,283.6285528256652,282.2951737101685,283.61947336896316,67804700
2019-11-20,281.8869934082031,282.86663359563494,280.3359287395858,282.3496028123388,79406200
2019-11-21,281.4334411621094,282.10468425402297,280.6352517705745,281.9958415043259,54664700
2019-11-22,282.0593566894531,282.31333237035267,281.0525334234393,282.1772789129553,44850200
2019-11-25,284.24530029296875,284.24530029296875,282.984501675249,282.984501675249,48647200
2019-11-26,284.8892822265625,285.07070522877143,283.96409135032974,284.28156776356354,37569000
2019-11-27,286.15924072265625,286.15924072265625,285.15238993261636,285.3700754304547,44444600
2019-11-29,285.0979309082031,285.84172650261706,284.87116598414514,285.5968026686247,36592700
2019-12-02,282.67608642578125,285.4153966404745,282.24976727728045,285.3518958206147,75767800
2019-12-03,280.78033447265625,280.8619942096514,278.5852653796921,279.9639862341054,73941700
2019-12-04,282.51287841796875,283.1115412943075,281.4788444906727,281.8235316935288,49080000
2019-12-05,283.020751953125,283.2293856451966,281.7145837968173,283.21125441681573,40709000
2019-12-06,285.6059265136719,286.0050350565463,284.9165521793852,284.9256316357635,48927000
2019-12-09,284.7079772949219,285.88714413985167,284.63539699848997,285.21592864485524,34838500
2019-12-10,284.3904113769531,285.3156022560636,283.73732732073876,284.6534664265952,52649800
2019-12-11,285.19781494140625,285.45179063198384,284.3088861837475,284.8440482574191,53429100
2019-12-12,287.6557922363281,288.43585014256996,284.9709037870693,285.20672044084057,96389600
2019-12-13,287.8282165527344,289.0527527941986,286.6490222278449,287.42002857849036,81503900
2019-12-16,289.80560302734375,290.39518635483904,287.7647184989822,289.5516273932872,82749700
2019-12-17,289.86907958984375,290.48587355216506,289.7874475372953,290.18655602615394,61097700
2019-12-18,289.88726806640625,290.48593091791935,289.83284668729334,290.2591659445252,48133000
2019-12-19,291.0754699707031,291.1480502526444,289.8237230792523,290.07769870351285,85310500
2019-12-20,292.3516845703125,293.4819599466499,291.1302516726063,292.1055564808797,147142100
2019-12-23,292.79827880859375,293.1902254958816,292.6524323585263,293.13553655427705,52990000
2019-12-24,292.807373046875,293.0716936318886,292.50655608135855,293.02612879098643,20270000
2019-12-26,294.3660888671875,294.3752129631039,293.18112472741444,293.1902210059652,30911200
2019-12-27,294.2930908203125,295.1499211381323,293.7644218965359,295.0952322086851,42528800
2019-12-30,292.670654296875,294.5119413986182,292.1875500985432,294.3752190438764,49729100
2019-12-31,293.38165283203125,293.62778090007464,291.82296227634913,292.1693441370268,57077300
2020-01-02,296.1253356933594,296.14358388648566,293.9923834001532,294.9130269972677,59151200
2020-01-03,293.8829345703125,295.00411329960116,292.68884653822107,292.74353546966336,77709700
2020-01-06,295.0040588378906,295.08609221990963,292.0142494450799,292.13275138044804,55653900
2020-01-07,294.1746826171875,294.91301114756425,293.7280191701127,294.4390032296372,40496400
2020-01-08,295.74249267578125,296.95480128822834,294.1199891894408,294.3660894233574,68296000
2020-01-09,297.747802734375,297.8207398631898,296.7177813744384,297.3011671355,48473300
2020-01-10,296.8909912109375,298.48615024274386,296.4261352089056,298.33120751452185,53029300
2020-01-13,298.93280029296875,298.9418965712198,297.0824170116794,297.5108322451486,47086800
2020-01-14,298.4769287109375,299.54339043837496,297.9208876167295,298.4951490779747,62832800
2020-01-15,299.1515197753906,299.9080685509151,298.3038135068561,298.38584690535674,72056600
2020-01-16,301.6400146484375,301.6400146484375,300.30008000636747,300.52795985830204,54050300
2020-01-17,302.578857421875,302.7884890679203,301.5761805798231,302.35097758583424,95846000
2020-01-21,301.9862976074219,302.7884389482875,301.5487861977557,301.62169549358066,77742400
2020-01-22,302.02276611328125,303.4903264792452,301.8678234281699,302.8431278236257,48914900
2020-01-23,302.36920166015625,302.77939649699647,300.2635941747511,301.3756489009387,51963000
2020-01-24,299.68023681640625,303.1075588185603,298.3949910655985,303.02552540689584,87578400
2020-01-27,294.8765869140625,296.3532441968251,294.11091379771784,294.44817159472285,84062500
2020-01-28,297.9665832519531,298.84163406721996,294.9676767051918,296.298487210109,63834000
2020-01-29,297.7204284667969,299.55259115613137,297.5198931086739,299.32471133178075,53888900
2020-01-30,298.68670654296875,298.8963660446492,294.91303023429634,295.6604550917531,75491800
2020-01-31,293.2630615234375,298.2217278467031,292.35154238779836,298.0667573540076,113845600
2020-02-03,295.4416809082031,297.3011883827756,294.62131896327486,294.7398209430448,69083000
2020-02-04,299.9444885253906,300.81044284267324,298.7230562055204,299.0420934706959,62573200
2020-02-05,303.4082946777344,303.61795412672234,301.4120930432873,302.87050163975044,65951100
2020-02-06,304.42926025390625,304.62067153969036,303.35364621707834,304.3654472195234,50359700
2020-02-07,302.8067321777344,304.4383317479117,302.25981501693957,303.3718697108561,64139400
2020-02-10,305.06732177734375,305.1311348147873,301.88612780958465,301.9225963763189,42070000
2020-02-11,305.5959777832031,307.2002328793031,305.0672809970112,306.41633961218275,54864500
2020-02-12,307.56488037109375,307.77451202465284,306.66245727222037,307.02705945948134,43992700
2020-02-13,307.2366943359375,308.20290257264736,305.8694153801374,306.1428600443528,54501900
2020-02-14,307.72894287109375,307.8474448392001,306.4528213248784,307.64690946641167,64582200
2020-02-18,306.9359130859375,307.79274347896046,305.550385905375,306.7353777212436,57226200
2020-02-19,308.40350341796875,309.07801894449966,307.61961000252654,307.9021788213364,48814700
2020-02-20,307.1363830566406,308.6768526171269,304.1556976879884,307.85646314336725,74163400
2020-02-21,303.9734802246094,306.09730805211063,303.1530905628107,305.78739481387316,113788200
2020-02-24,293.89208984375,304.0464012409805,292.8164758374308,294.5483849080448,161088400
2020-02-25,284.9864807128906,295.88824287722144,284.11143004396996,295.2775405729495,218913200
2020-02-26,283.938232421875,289.9633610159589,283.2090281846531,286.3810972156628,194773800
2020-02-27,271.1860656738281,283.99289834255785,271.1860656738281,278.4326260777627,284353500
2020-02-28,270.0467834472656,271.5325647241753,260.2752930240666,263.15569806188904,384975800
2020-03-02,281.7415466308594,281.80535966924487,268.40601247661044,271.82421045255126,238703600
2020-03-03,273.674560546875,286.0712292614889,271.2408194618374,282.1152386233994,300139100
2020-03-04,285.177978515625,285.39676211227726,276.4911987598748,279.03434596352906,176613400
2020-03-05,275.6981201171875,281.1763600202487,273.4649145191371,277.9951665598652,186366800
2020-03-06,271.1405029296875,272.343714991951,264.5502366862195,267.21185726562237,228667200
2020-03-09,249.9659423828125,259.04466663052983,249.2549584564978,250.94124687205388,309417300
2020-03-10,262.9004211425781,262.99155082298614,249.30054030564344,259.45487913879975,276444100
2020-03-11,250.08448791503906,256.99382161350735,246.91241771549264,255.8635462842316,255316300
2020-03-12,226.1570587158203,243.06574485920348,225.7650981762707,233.34894558391483,392220700
2020-03-13,245.4904022216797,247.45928738947632,226.53079663529957,239.8116265596918,329566100
2020-03-16,218.62791442871094,234.16930770515287,216.3582263151674,219.84022288446778,297240000
2020-03-17,230.4320831298828,233.50391264622428,216.0938883539165,223.35868442017195,262070500
2020-03-18,218.76466369628906,226.39407689191867,207.84466479454713,215.34646582603455,327597100
2020-03-19,219.2294921875,225.49163896080339,211.67300364288351,218.0809829271714,289322000
2020-03-20,209.78201293945312,224.149511692918,209.50694631687315,222.37076338943308,347158800
2020-03-23,204.4182586669922,210.58885308857097,200.1180920586079,209.22271174158334,326025200
2020-03-24,222.93922424316406,223.81027088011052,214.36641010403872,214.9348708645978,235494500
2020-03-25,226.27662658691406,235.04200407098807,219.82180274754663,224.5162200852684,299430300
2020-03-26,239.48887634277344,240.95586078896224,228.34878482606823,228.77971920189324,257632800
2020-03-27,232.3555908203125,239.13132946268587,230.1825909794387,232.21806449765097,224341200
2020-03-30,239.90145874023438,240.61662346155654,232.45640344110245,234.44602980585432,171369500
2020-03-31,236.32566833496094,241.44184313996882,234.92284395447982,238.90209724302795,194881100
2020-04-01,225.6898651123047,236.2431562593995,223.62688640381754,227.3677561407306,189554600
2020-04-02,230.89772033691406,231.67705936295383,224.25950903784965,224.80964222485147,177660400
2020-04-03,227.56028747558594,232.26388300481995,224.83715469449982,229.91666012342145,135561200
2020-04-06,242.8446502685547,244.80678550079665,227.5419457283824,236.40816732964865,188061200
2020-04-07,243.09225463867188,252.16935565660157,242.87221252313967,251.41750778727922,201427200
2020-04-08,251.25241088867188,253.05866406664575,243.20221247709344,245.68694732221695,153774500
2020-04-09,255.0758819580078,257.8265203918572,252.5727909100661,254.50739317768844,189999200
2020-04-13,252.74696350097656,254.44319588474661,248.8502262862596,254.10395500418002,114839100
2020-04-14,260.2012023925781,261.21892505517496,252.60944238232008,257.6247736197147,134143400
2020-04-15,254.67237854003906,260.3386853472331,252.56353956668622,254.49816925151632,121775000
2020-04-16,255.90106201171875,256.7537531911925,252.83868798344852,255.9468947921866,131798300
2020-04-17,262.81427001953125,263.4193856745287,258.9266831445482,261.65899326176117,146684800
2020-04-20,258.18402099609375,262.95180422099605,257.9639789331066,259.1192277447229,100109300
2020-04-21,250.34474182128906,254.929138502849,249.4095069904513,253.72802881075526,126385700
2020-04-22,255.90106201171875,257.64312738360485,253.89309376267377,255.21340241905787,92951600
2020-04-23,255.88265991210938,260.3387078110824,255.5801020580558,257.1754630685727,104709700
2020-04-24,259.4493713378906,260.11870338954105,255.35091919954365,257.39557038512345,85063200
2020-04-27,263.190185546875,264.3087793852271,260.96217561684955,261.420615255831,77896600
2020-04-28,261.97998046875,267.17867138306195,261.67739457497856,266.8302527082662,105270000
2020-04-29,268.8381652832031,270.36936598916276,266.27091449702925,267.2978148114988,118745600
2020-04-30,266.33514404296875,268.93907823852754,264.60222850800403,267.4628878219718,122901700
2020-05-01,259.2843322753906,266.5001686462375,258.11987753446385,261.59485828058166,125180000
2020-05-04,259.9994812011719,260.30203907180845,255.92853469244014,257.4046969992286,80873200
2020-05-05,262.40179443359375,265.2074439793071,260.1279227837245,262.81440147658856,79569900
2020-05-06,260.6229553222656,264.4830095523587,260.192020908388,264.09793589455825,73632600
2020-05-07,263.7677917480469,265.6932435927499,263.26351939914133,263.8319800050877,75250400
2020-05-08,268.1322021484375,268.5998195757135,265.7666377314456,266.8944094168429,76452400
2020-05-11,268.1871337890625,269.5624524238782,265.7849150505331,266.20667159721637,79514200
2020-05-12,262.8418884277344,269.78264576548486,262.7043341023588,269.37006673219304,95870800
2020-05-13,258.1932067871094,263.31855852406073,255.77263209509584,262.2824804769914,144721100
2020-05-14,261.2831115722656,261.41146013220174,250.29888679853764,255.7635079143885,121977900
2020-05-15,262.4842529296875,262.53008571070245,257.954866120157,258.89925085277906,111146300
2020-05-18,270.4794616699219,272.0840008493197,268.37064994080464,268.6915353919301,119703800
2020-05-19,267.7012634277344,271.58882289589167,267.6829359139752,269.88344074536735,95189300
2020-05-20,272.2490234375,273.11089240666524,271.0020807473539,271.2313006225374,85861700
2020-05-21,270.3693542480469,272.9274551573874,269.2782657160711,272.1205969507901,78293900
2020-05-22,270.8828430175781,271.0570523361643,268.8473696991475,270.08516244349306,63958200
2020-05-26,274.2202453613281,277.07175449936034,270.90114681308035,276.83335693039163,88951400
2020-05-27,278.3003234863281,278.33700648648875,272.19390507286226,277.00752054474054,104817400
2020-05-28,277.7869873046875,281.3353065447308,277.11765518674065,279.3273381718324,90405200
2020-05-29,279.0247497558594,279.61153803025144,274.577879005406,277.3193394971249,119090800
2020-06-01,280.15240478515625,280.75754836392883,277.8693847232331,278.3828347935377,55758300
2020-06-02,282.47222900390625,282.5180897682759,279.7399459537755,281.06940446353366,74267200
2020-06-03,286.2313232421875,287.1848853825561,284.1775229222528,284.45257547191164,92567600
2020-06-04,285.4795227050781,286.98321817364206,283.3890390401753,285.2503028822557,75794400
2020-06-05,292.7962951660156,294.565865879508,290.797504578311,290.86169285851645,150524700
2020-06-08,296.33544921875,296.52798606844794,293.062182869184,293.60313838658124,73641200
2020-06-09,294.125732421875,296.40875303318035,292.814573695221,293.67644251654445,77479200
2020-06-10,292.4844970703125,295.59273133209695,291.76933233464445,294.7033572907335,95000800
2020-06-11,275.62310791015625,286.2039042091924,275.07300264511355,285.57125517345406,209243600
2020-06-12,278.9237976074219,283.38899457849544,273.7801190211421,282.61881945235933,194678900
2020-06-15,281.5277404785156,282.6555119408555,272.07471838959447,273.24832261847223,135782700
2020-06-16,286.946533203125,289.4037909524716,282.0962619316776,289.25708690915724,137627500
2020-06-17,285.75457763671875,288.2576679504427,285.0210574809537,287.96425988813667,83398900
2020-06-18,285.8646545410156,286.3414217497539,283.7833484028866,284.2417880969982,80828700
2020-06-19,284.23095703125,289.5169952642536,282.2878135586834,289.323611161699,135549600
2020-06-22,286.0543212890625,286.45030759053503,282.490388367676,283.6323128106449,74649400
2020-06-23,287.3712463378906,289.6274972240298,286.9660418676936,288.69736494870455,68471200
2020-06-24,280.0407409667969,285.95302134093265,278.2081310603143,285.3359965817493,132813500
2020-06-25,283.04296875,283.3100417218154,277.45301313177083,279.46981736237365,89468000
2020-06-26,276.32025146484375,282.1588713157659,275.7400992165521,281.9470509652658,127961000
2020-06-29,280.3815002441406,280.51963173893165,275.2888463730119,277.5727234684733,79773300
2020-06-30,283.9731140136719,285.66762102118946,279.7921834155964,279.94872310498295,113394800
2020-07-01,285.96221923828125,287.2238950877985,284.62691073499315,285.08736775765794,72396500
2020-07-02,287.5370178222656,290.7325908541107,286.8739585501112,289.38803604130976,69344200
2020-07-06,291.9758605957031,292.55604108748975,290.60370731479867,291.34964563164624,61713800
2020-07-07,288.9644470214844,292.408657022588,288.5868688394488,290.43791531370204,82910000
2020-07-08,291.1746520996094,291.28515730964824,287.9698885921955,289.7288100254336,54638600
2020-07-09,289.5169677734375,292.0218551502653,286.1095744969354,291.78240850045916,83354200
2020-07-10,292.4731750488281,292.74024807034215,288.0251712561306,289.45257720821917,57550400
2020-07-13,289.9405517578125,297.18814022544717,289.2867107064114,294.81219454195264,102997500
2020-07-14,293.6978759765625,294.4714402869831,287.3251393658656,288.5223162049318,93657000
2020-07-15,296.396240234375,297.4921303782736,294.0202658653574,296.91194993690715,87196500
2020-07-16,295.4200744628906,295.87131342816184,293.85450907927094,294.4991602617193,54622500
2020-07-17,296.2764892578125,297.0592718738817,294.4530691984586,296.42383888823116,62774900
2020-07-20,298.6709289550781,299.4168672808463,295.26353484413016,296.0094731698983,56308800
2020-07-21,299.3063049316406,301.0744442907489,298.3209200855165,300.632423503006,57292200
2020-07-22,301.010009765625,301.32314533336705,298.83666568694713,298.9471708971752,57792900
2020-07-23,297.4184265136719,301.3507479273714,296.05549155599056,300.65084417889534,75738000
2020-07-24,295.50286865234375,296.52506963264034,294.0017744381239,295.56733937292,73766600
2020-07-27,297.65789794921875,297.8328739008944,295.40164684860423,296.193647698937,48293000
2020-07-28,295.77001953125,298.04467867981947,295.47532024869815,296.9303522871835,57495000
2020-07-29,299.4076232910156,299.9693955729184,296.60803622504216,296.64488066256155,48454200
2020-07-30,298.33935546875,298.7537780991364,294.36102749576685,296.44227447076116,61861700
2020-07-31,300.6968078613281,300.7981230082648,295.9172622915835,300.1258457184252,84986800
2020-08-03,302.787353515625,303.5516998495723,301.8111868221174,302.3545227663099,53077900
2020-08-04,303.9569091796875,303.9569091796875,301.9308868941844,301.9308868941844,41917900
2020-08-05,305.8448181152344,306.10270108517585,304.98837460760626,305.2554476092795,42697700
2020-08-06,307.88916015625,308.008883470918,304.94225226748324,305.26457778295924,43679400
2020-08-07,308.1102600097656,308.3957411535914,306.0197668612782,306.922272863609,57308300
2020-08-10,309.0311279296875,309.21529387333,306.62752769620295,308.5614527808773,44282100
2020-08-11,306.48028564453125,310.84543879148185,305.7527835401026,310.21000563915504,69601100
2020-08-12,310.7532043457031,311.5267686882517,308.8837501585283,308.91137645275995,53774400
2020-08-13,310.19146728515625,311.49917760274417,309.2705532345938,309.98886506986986,41816100
2020-08-14,310.2007141113281,310.734860048338,309.0771977415584,309.80472777793506,47260400
2020-08-17,311.1861877441406,311.5821741904847,310.2100207301367,311.2138140519303,35481000
2020-08-18,311.85833740234375,312.28194998264934,309.98885496076423,311.5820463337453,38733900
2020-08-19,310.5599670410156,312.7517196619163,309.9981946540898,312.2360098565189,68054200
2020-08-20,311.52691650390625,312.00578186582436,308.70892073892423,308.8378341384851,42207800
2020-08-21,312.6319274902344,312.85293788001695,310.8545419255064,311.1953037485117,55106600
2020-08-24,315.7998962402344,315.87355700727335,312.604322979584,315.0631480494956,48588700
2020-08-25,316.9049987792969,316.9878776871024,315.2013018413242,316.3616627587458,38463400
2020-08-26,320.0821533203125,320.3491982017806,316.95105067989545,317.49438668215004,50790200
2020-08-27,320.7820129394531,322.2278548973866,319.1243787139967,320.94779884525434,58034100
2020-08-28,322.85406494140625,322.983006410203,320.61625033931085,321.804237442081,48588900
2020-08-31,321.6844787597656,323.517088692937,321.4542502514148,322.64223722364346,66099200
2020-09-01,324.71435546875,324.81564254170917,321.620069114732,322.51335702094957,54908700
2020-09-02,329.4110107421875,330.37795938167653,325.4786892390397,326.6206419236981,69540000
2020-09-03,318.07452392578125,328.1953605553692,315.4959476689743,327.7256853866652,148011100
2020-09-04,315.4775390625,320.3215279500711,308.386489496312,318.7559908966991,139156300
2020-09-08,306.8577880859375,315.54202965407626,306.55389879011744,310.0809875272591,114465300
2020-09-09,312.9175109863281,315.3763366892966,309.98898184326697,310.8546436252173,91462300
2020-09-10,307.4840393066406,315.4407229555937,306.5262807206502,314.78688177765224,90569500
2020-09-11,307.6405334472656,310.32039660205055,304.8225388111135,309.2613511061483,84680200
2020-09-14,311.6925964355469,313.46076397555305,307.78792941912315,310.79930858274395,65605700
2020-09-15,313.26739501953125,314.97106380213984,311.70182964170226,314.14224664496544,52920900
2020-09-16,312.0240783691406,315.92874461250403,311.7477873154288,314.5013391992171,82096000
2020-09-17,309.2797546386719,310.99266929417666,306.65514411572747,307.18007184112935,91523300
2020-09-18,305.71917724609375,310.19424068358853,303.2412544546544,310.0832931282361,105877900
2020-09-21,302.3166198730469,302.4645593357365,297.4717223903731,301.14238742219266,99450800
2020-09-22,305.39556884765625,305.9503348545205,301.2903399000604,303.7960278580259,63612100
2020-09-23,298.31317138671875,306.22775080288056,297.8138791281714,305.9503536740996,93112200
2020-09-24,299.1083068847656,302.1594777085532,295.68727323191223,297.0002185553226,76681300
2020-09-25,303.9439392089844,304.7298270780176,297.38852490576954,298.25762343564503,71069400
2020-09-28,308.99224853515625,309.70418077413325,307.10605558287943,308.09538490645014,64584600
2020-09-29,307.3094482421875,309.5284836874694,306.6159979020015,308.788814611231,51304000
2020-09-30,309.6395263671875,312.78316294549495,307.7810700245136,307.9752282610911,104081100
2020-10-01,311.62738037109375,313.1991843917802,309.7504423645945,312.22836509125534,88698700
2020-10-02,308.668701171875,311.59969787140113,306.2185149056574,306.69007030245626,89431100
2020-10-05,314.142333984375,314.3272371892056,310.6750814573515,310.7213002044158,45713100
2020-10-06,309.6763916015625,316.37051739087525,309.1678726905185,314.2809115493329,90128900
2020-10-07,315.06689453125,315.87129250041943,312.5981986311307,312.62593551915137,56999600
2020-10-08,317.8592529296875,317.92398175584026,316.0840070284668,316.99938098191984,45242500
2020-10-09,320.69769287109375,321.15999312657567,318.8854837702439,319.5049503113114,59528600
2020-10-12,325.8570251464844,327.3271369060572,322.74112523312164,323.2311624863126,80388500
2020-10-13,323.73040771484375,325.89396970025575,322.76881520469266,325.71829333157706,73255500
2020-10-14,321.6962585449219,325.39466069842285,320.96584443553525,324.30363883511666,57727900
2020-10-15,321.2986755371094,321.7794576418191,317.2581758442864,317.79443172197927,60357700
2020-10-16,321.10455322265625,324.30366342738694,320.9288768497177,322.6486204375523,89501900
2020-10-19,316.2226867675781,322.99074228284945,315.325822981665,322.3620205940744,68425600
2020-10-20,317.4893493652344,320.7254513716909,316.8051539703146,317.5633049958053,60051900
2020-10-21,316.8883361816406,319.6066638803036,316.5832022185799,317.443073902537,63575000
2020-10-22,318.6265869140625,319.20908978421284,314.96517658013624,317.1010016263074,55399300
2020-10-23,319.7083740234375,319.9025322364598,317.258188232449,319.84705846131055,49143900
2020-10-26,313.8002014160156,317.1195140807674,310.31443920384794,316.33359795190205,91473000
2020-10-27,312.7183837890625,314.4751191044585,312.5057155150436,314.1422764667609,65994100
2020-10-28,302.030029296875,312.7461466489848,301.5399921174108,307.05985871686283,127094300
2020-10-29,305.09967041015625,308.2617881868608,300.57836060996675,302.26114022168764,90597700
2020-10-30,301.9190979003906,304.8315842442729,298.27616915749184,303.52789396877716,120287300
2020-11-02,305.3031311035156,307.3002435800331,302.566292996373,305.3031311035156,86068300
2020-11-03,310.6935119628906,312.746126248305,305.38631400131226,308.52995012960014,93294200
2020-11-04,317.6372375488281,321.70547377095147,313.9850545875487,315.15928696801785,126959700
2020-11-05,323.83209228515625,325.63507467035436,322.55613899305547,322.907491721787,82039700
2020-11-06,323.7581481933594,325.0063646417054,321.43739166729375,323.5454798982403,74973000
2020-11-09,327.826416015625,336.90600149766686,327.36411567397204,336.5269118315226,172304200
2020-11-10,327.34564208984375,328.39967222282814,324.0818027239641,326.8370947712311,85552000
2020-11-11,329.7773132324219,330.6001931058199,328.28869157206935,329.5276530081711,58649000
2020-11-12,326.5781555175781,329.8235125087104,324.7752013576145,328.76945432758134,67546200
2020-11-13,331.0995178222656,331.83918709900695,327.9651078910253,328.48288202805907,62892200
2020-11-16,335.232421875,335.42658008620566,332.4771021299016,333.762310414162,74541100
2020-11-17,333.429443359375,334.63144099542336,331.3213552496351,332.8284586496354,66111000
2020-11-18,329.4166564941406,334.2430721080145,329.379664574458,333.697561213107,70591300
2020-11-19,330.8036193847656,331.1734540014024,327.44731451105605,328.7879967400085,59940900
2020-11-20,328.5383605957031,330.7481698548991,328.46440495358206,330.5447565683479,70417300
2020-11-23,330.50775146484375,331.7652230633756,328.11303908751194,330.341330114274,63230600
2020-11-24,335.83343505859375,336.3789460330993,332.19976142931375,333.05037819016013,62415900
2020-11-25,335.31561279296875,335.77791303204526,334.22459100072433,335.75017614636334,45330900
2020-11-27,336.24945068359375,336.720977715475,335.2416113846449,336.40661695536556,28514100
2020-11-30,334.7608947753906,335.74096916518056,332.08881368370197,335.47282708749947,83872700
2020-12-01,338.42230224609375,339.95714263167446,337.41449097572354,338.00624890506265,74231400
2020-12-02,339.1341857910156,339.2913520564298,336.73947416095587,337.3127218895292,45927000
2020-12-03,339.04168701171875,340.42858746477606,337.94141039496833,339.03243197939855,62882000
2020-12-04,341.9635009765625,341.9635009765625,339.5317971440086,339.6242628374325,50749900
2020-12-07,341.2607421875,341.7507792477723,339.99404421377153,341.19601339057107,48944300
2020-12-08,342.2594299316406,342.82342277579136,339.94792834104476,339.9941470862278,42458900
2020-12-09,339.189697265625,343.0730024150456,338.35756246336115,342.915836132159,74098300
2020-12-10,339.0787658691406,340.1235407764272,336.952167699225,337.82129446332254,57735400
2020-12-11,338.68115234375,339.0879788216525,335.8703871356922,337.38671728522763,57698600
2020-12-14,337.1649169921875,341.9173502325167,336.98924059021937,340.8448381800256,69216200
2020-12-15,341.72308349609375,341.72308349609375,338.32981558066564,339.6982062143582,63865300
2020-12-16,342.2594299316406,343.17477553221346,341.05743217458746,341.9358140656428,58420500
2020-12-17,344.17327880859375,344.3766920459077,343.0730019635639,343.8959099470601,64119500
2020-12-18,342.7991027832031,344.6283315180656,340.79344881476123,344.4612007715748,136542300
2020-12-21,341.5733642578125,351.4159127548199,336.15997816972384,338.8898932592316,96386700
2020-12-22,340.9976806640625,342.0097878229692,339.87415302334546,341.8983673411588,47949000
2020-12-23,341.30413818359375,343.20763766131074,340.9791428653168,341.96339496968784,46201400
2020-12-24,342.6318664550781,342.6597215709097,341.1926382423749,341.77759567483866,26457900
2020-12-28,345.5754089355469,345.96538061700096,344.5540073036612,345.17611443159626,39000400
2020-12-29,344.91607666015625,347.27458040793783,344.3310908811892,347.09815522580993,53680500
2020-12-30,345.4082946777344,346.4389909289521,345.0183229457008,345.7332900123292,49455300
2020-12-31,347.1631774902344,347.8874388872676,344.70254763729105,345.2132342407314,78520700
2021-01-04,342.4369812011719,348.62107376333165,338.75066866047587,348.49106429337866,110210800
2021-01-05,344.79541015625,345.88181651795514,341.74979422078724,341.7962383123607,66426200
2021-01-06,346.85687255859375,350.0417933363491,342.74343806470597,343.2912744755458,107997700
2021-01-07,352.01025390625,352.7530761209453,349.0482028609267,349.2246280958658,68766800
2021-01-08,354.015869140625,354.22941562712896,350.1531317059406,353.3937336428552,71677200
2021-01-11,351.6295166015625,353.3844459686813,350.72882987062206,350.84954484541544,51034700
2021-01-12,351.7037658691406,352.71587302635754,349.4659767403623,351.8152146876118,52547700
2021-01-13,352.6509094238281,353.64442764556827,350.8495360073249,351.62950774382404,45303600
2021-01-14,351.4159851074219,353.89520462901476,351.0817236007902,353.39378403221525,49989100
2021-01-15,348.8531494140625,350.5987841141442,346.99606590019863,349.80025180486865,107160000
2021-01-19,351.5923156738281,352.13088573862603,349.82809207789774,351.3044700083426,51233300
2021-01-20,356.4578857421875,357.2935676023044,353.48654097639,353.87651262058415,61836100
2021-01-21,356.7829284667969,357.4422136144088,355.8636810590546,357.0150639404166,47840100
2021-01-22,355.52008056640625,356.68075778914084,354.55438918277406,354.9350947122526,52860500
2021-01-25,356.9222106933594,357.27503278883,351.4159360582794,356.25365943655754,70402000
2021-01-26,356.3650817871094,358.2778757163541,356.1329463264064,357.869315038569,42665300
2021-01-27,347.6552429199219,353.14292684586337,345.42674888149446,353.0500670240874,123351100
2021-01-28,350.6452331542969,354.6379514307327,349.0295795422171,349.465966970764,94198100
2021-01-29,343.6253356933594,349.7537148324768,341.9539441080533,348.78802380564457,126765100
2021-02-01,349.3453063964844,350.37597423640665,343.91333096928156,347.0146573120808,75817600
2021-02-02,354.2851257324219,355.83580306474755,349.42887007201125,352.52090191367535,64450700
2021-02-03,354.563720703125,356.28152883956943,353.29162286803046,355.11155700905664,52427100
2021-02-04,358.59356689453125,358.63998265068375,354.6751192898168,355.59436662167684,47142600
2021-02-05,360.00494384765625,360.7106447040377,358.54715471512554,360.45994861198795,48669800
2021-02-08,362.6048889160156,362.6513046740329,360.59923510850524,361.4534777465929,38365200
2021-02-09,362.3634948730469,362.9577753209079,361.3606820383457,361.7692144251859,35551100
2021-02-10,362.2055358886719,364.24833897480704,359.80991075751706,364.09976890155684,59154400
2021-02-11,362.79052734375,363.700508430255,360.3670470571915,363.28265332168206,42913300
2021-02-12,364.5826721191406,364.82407372216704,361.91773330512245,361.9920325190132,50593300
2021-02-16,364.2668762207031,366.0032729008585,363.5519093548807,365.8082587527633,50972400
2021-02-17,364.3504943847656,364.60119044464864,361.5091306885375,362.5212660866274,52290600
2021-02-18,362.7998352050781,363.54265727343494,360.0327705772848,361.7505784893111,59712800
2021-02-19,362.1591491699219,364.34122801938736,361.71343891444184,364.05338233465426,83241000
2021-02-22,359.3735656738281,361.77848576262124,359.1042805920692,359.401420796986,67414200
2021-02-23,359.8099670410156,361.15636405887625,353.0316228676275,357.1729115862207,107284100
2021-02-24,363.7747497558594,364.20189931472817,357.7392290684119,358.72348094434057,72433900
2021-02-25,355.0093994140625,363.8769912428288,353.57017085547034,362.5120335653563,146670500
2021-02-26,353.1801452636719,358.0271345906392,351.20237503364604,356.8850463128118,152701600
2021-03-01,361.7413024902344,362.9855734404292,353.37516012939244,358.03642977075657,105348800
2021-03-02,358.9185485839844,362.19629994312015,358.41712808705853,361.9641644974679,79595300
2021-03-03,354.1644592285156,359.18784590388924,354.0623048857202,358.22218274333903,119940200
2021-03-04,349.78167724609375,356.5600204671109,345.30609935501286,353.97867561907805,183433000
2021-03-05,356.2165222167969,357.265779064072,346.01185613057277,353.2730320198999,152039600
2021-03-08,354.4429931640625,359.977094609663,354.16444194612137,357.17290844727864,123149200
2021-03-09,359.5036315917969,362.0478276958883,357.7765286742585,358.27794930668625,113633600
2021-03-10,361.7413024902344,363.431255369481,360.4320834867978,361.84345682354007,109899400
2021-03-11,365.4090576171875,367.3775617218999,363.7469598417814,364.201964598063,86245000
2021-03-12,365.90118408203125,366.0404596864284,363.2455681020347,364.05339494438545,64653600
2021-03-15,368.083251953125,368.343242519141,364.0162344057818,366.15186917399524,73427200
2021-03-16,367.6189880371094,369.40177242737843,366.84828247321997,368.6960999272851,73722500
2021-03-17,368.87249755859375,369.67102984650717,365.19545189698175,366.3375684287189,97959300
2021-03-18,363.50555419921875,368.37110416522074,362.8277084837041,366.2911796002453,115349100
2021-03-19,362.83294677734375,364.77995178052817,360.66234252833834,363.205574280837,113624500
2021-03-22,365.73016357421875,367.10891663764517,363.28942068287944,363.3453133880508,73778600
2021-03-23,362.85162353515625,366.54068471271836,362.0690971295922,365.0967422553669,90686600
2021-03-24,361.0070495605469,365.87923909623805,360.9604817803928,364.248968775631,97588600
2021-03-25,363.0379333496094,363.8297562145069,357.6347344917859,359.57244319585334,116128600
2021-03-26,368.8882141113281,369.28878794295866,363.587505033435,364.18370331754596,114409100
2021-03-29,368.701904296875,369.60554090899944,365.93510175704296,367.4163152580118,108107600
2021-03-30,367.7238464355469,368.3945874761221,366.13081869564127,367.43505791818313,76262200
2021-03-31,369.2142333984375,370.76998933005086,368.26402908759354,368.2919754370403,112734200
2021-04-01,373.2015075683594,373.2574287119727,370.9377673643158,371.1427167920272,99682900
2021-04-05,378.5579528808594,379.09828679680146,375.7818544790963,375.85636859009725,91684800
2021-04-06,378.3344421386719,379.3778104361055,377.66370131465686,377.9990859414913,62021000
2021-04-07,378.7723083496094,379.1169894924743,377.7103185696919,378.16678511784755,55836300
2021-04-08,380.5702819824219,380.626174688792,379.089068404298,380.0206514166771,57863100
2021-04-09,383.3370666503906,383.5047731912766,380.328071856803,380.4491821914655,61104600
2021-04-12,383.47686767578125,383.74700629608895,382.1353857837753,382.74090909191403,56704900
2021-04-13,384.6133117675781,385.2374848347506,382.99236657978923,383.374318989603,56551000
2021-04-14,383.2998352050781,385.63808919365846,382.7595011466084,384.58539585907903,61659900
2021-04-15,387.4174499511719,387.68761700399335,385.3866056650256,385.4331734470441,60229800
2021-04-16,388.7123718261719,389.31789515278274,387.2870508261419,388.7030468977185,82037300
2021-04-19,386.80255126953125,388.2278720552796,385.4797193923822,387.78073043129933,78498500
2021-04-20,383.9705505371094,386.6907567846418,382.4986335803177,385.5914957452918,81851800
2021-04-21,387.603759765625,387.808709170284,383.2159832062883,383.35574340510965,66793000
2021-04-22,384.0636901855469,388.2651383615414,383.0017004125384,387.43604432459205,97582800
2021-04-23,388.2279052734375,389.6346047551007,384.54816933952253,384.62268347334305,73209200
2021-04-26,389.0383605957031,389.60664100563645,388.2931055721406,388.8800074072831,52182400
2021-04-27,388.95452880859375,389.53213415675737,387.8179963971385,389.33648125494796,51303100
2021-04-28,388.8427429199219,390.342606350338,388.3769514146441,389.2246953658085,51238900
2021-04-29,391.3206787109375,391.93552678623496,387.94835343735446,391.56289934262634,78544300
2021-04-30,388.74957275390625,389.90475500080083,387.8552610382918,389.057011063111,85527000
2021-05-03,389.5880126953125,391.1157939955126,389.0942748542552,390.7338415630485,68128300
2021-05-04,387.1845703125,388.0975320013042,383.504834060297,387.6037940867692,101591200
2021-05-05,387.3056945800781,389.05707545067736,386.7467390041926,388.82417966319684,60162200
2021-05-06,390.3984375,390.5288443174939,385.3771922186021,387.38008968955535,74321400
2021-05-07,393.2397766113281,393.89189602548134,390.48229913565626,391.16236490015007,67733800
2021-05-10,389.34576416015625,393.8173507618117,389.2246538329622,393.5937799606252,81852400
2021-05-11,385.8709411621094,386.85841675179097,382.0048778519801,384.8368977997584,116888000
2021-05-12,377.67303466796875,384.36179320441613,376.3594993403955,383.0948540805935,134811000
2021-05-13,382.20989990234375,384.13828367571983,379.17293000396353,379.21952621514686,106394000
2021-05-14,388.078857421875,388.9266014154042,384.9114807136324,384.9394270681594,82201600
2021-05-17,387.09130859375,387.9018095813703,385.0790861586322,386.9702267000928,65129200
2021-05-18,383.7563171386719,387.59443468838975,383.5979355139091,387.3522140021612,59810200
2021-05-19,382.7501525878906,382.92715562063444,377.5985000735296,379.07974196431326,106467100
2021-05-20,386.8677978515625,388.1254406224363,383.5047967743601,383.62587868681237,78022200
2021-05-21,386.551025390625,389.58799485674376,386.09455884988506,388.3489736323711,76578700
2021-05-24,390.49163818359375,391.56295289159766,388.544604797389,388.7868254622032,51376700
2021-05-25,389.6252746582031,391.9262858634761,389.0476977323679,391.57227976579446,57451400
2021-05-26,390.3984375,390.9014717770301,389.1780662229686,390.2121095554055,43088600
2021-05-27,390.6034240722656,391.9355808710809,390.3239321287522,391.4232216191229,56707700
2021-05-28,391.3020935058594,392.42930086674016,391.069197778342,392.1684587891069,58520200
2021-06-01,390.95745849609375,393.7987753351119,390.5196133395258,393.65904356804924,54216600
2021-06-02,391.572265625,392.4107130596126,390.6034397848831,391.60953690489885,49097100
2021-06-03,390.11907958984375,391.25561221110485,387.79944656000316,389.2620389814805,58138800
2021-06-04,393.6869812011719,393.9850945840739,390.18422002621526,391.96354696648706,55938800
2021-06-07,393.3050231933594,393.85465374362394,392.3734402072181,393.6776507018846,51555000
2021-06-08,393.38885498046875,394.25522031845156,391.56296032167944,394.1620563356279,47134300
2021-06-09,392.80194091796875,394.30180423460956,392.5783701098852,394.2272616788116,48436300
2021-06-10,394.6278076171875,395.57804034366546,392.7087491710795,394.0222844350054,51020100
2021-06-11,395.27996826171875,395.3917536695252,393.89191873202867,395.1775077811149,45570800
2021-06-14,396.16497802734375,396.26743850654356,394.1527554254345,395.39174825118516,42358500
2021-06-15,395.43841552734375,396.35134879576736,394.56272511460134,396.31410594008616,51508500
2021-06-16,393.23046875,395.8016468115362,391.19032822728997,395.57807599910893,80386100
2021-06-17,393.1000671386719,394.0782178856841,390.63137795315737,392.82060361942723,90949700
2021-06-18,387.7970275878906,390.5167781405025,387.5914076691271,389.8251604695109,118676300
2021-06-21,393.3486328125,393.53557034735695,388.7409106571749,389.55403474074245,72822000
2021-06-22,395.45159912109375,396.28343417143736,392.61966911686017,393.339353041914,57700300
2021-06-23,394.9749755859375,396.33017311106846,394.8908622379778,395.52640432656335,49445400
2021-06-24,397.3114929199219,397.73205959660106,396.8628599421337,397.11522847080494,45110300
2021-06-25,398.7228698730469,399.1715029679371,397.73216341250156,398.0592899281921,58129500
2021-06-28,399.5265808105469,399.6948074887242,398.0498768754374,399.2462030135846,53159600
2021-06-29,399.7415466308594,400.545315311481,399.20880030663477,399.9097733050363,35970500
2021-06-30,400.0780029296875,400.75093815402226,399.25552337520446,399.2835611544407,64827900
2021-07-01,402.29315185546875,402.452051650708,400.7696989990123,400.83513000426785,53441000
2021-07-02,405.36798095703125,405.7231451451387,402.3771516575957,403.4519996550773,57697700
2021-07-06,404.62969970703125,405.6391169295271,401.9005937821132,405.4241415803903,68710400
2021-07-07,406.05963134765625,406.34003766118167,403.30248799530796,405.31193822358387,63549500
2021-07-08,402.75115966796875,403.5082084145723,399.57339179227756,400.751035852626,97595200
2021-07-09,407.0503845214844,407.349473214676,402.55481277928465,404.25584763381096,76238600
2021-07-12,408.50836181640625,408.76073035250516,406.536304788165,406.9662269112006,52889600
2021-07-13,407.11578369140625,409.2187027689948,406.85408823599073,407.72328794262097,52911300
2021-07-14,407.7232971191406,409.29349840963926,406.4802508086064,408.8074721795963,64130400
2021-07-15,406.3307189941406,407.05972983900836,404.43341971053184,406.38679455738685,55126400
2021-07-16,403.14361572265625,407.555073909898,402.75108678868395,407.5083537824567,75874700
2021-07-19,397.19000244140625,403.20902632092094,394.38611039278754,398.3302530154178,147987000
2021-07-20,402.8819580078125,404.1530707517098,397.0591977452092,397.8536396448114,99608200
2021-07-21,406.1437683105469,406.28398573679834,402.83519609526724,404.07824240394586,64724400
2021-07-22,406.9942321777344,407.2372452604418,405.33994628759945,406.32129700633567,47878500
2021-07-23,411.1814270019531,411.51788035862415,408.2373460404216,408.91960818789283,63766600
2021-07-26,412.1907958984375,412.2001513321197,410.54586536220575,410.59258548528925,43719200
2021-07-27,410.31219482421875,411.18139444947093,407.489592116502,411.1533566719681,67397100
2021-07-28,410.14404296875,411.51795145786116,408.7234143462509,410.9384848950348,52472400
2021-07-29,411.8450622558594,412.9198819868287,411.05997579525564,411.0693312306445,47435300
2021-07-30,409.844970703125,411.29363706752343,409.15332449973266,409.2841865056366,68951200
2021-08-02,408.9850769042969,412.10674026622047,408.62991264660883,411.5553115323718,58783300
2021-08-03,412.3123474121094,412.43385397257424,407.5924735593852,409.7795060797524,58053900
2021-08-04,410.2842102050781,412.2843051456388,410.0505525213927,411.0319033838049,46732200
2021-08-05,412.8825378417969,412.9666511964766,411.12542726136564,411.4431983310459,38969700
2021-08-06,413.56475830078125,413.9853535543252,412.9198607907698,413.2002671340216,46930000
2021-08-09,413.22833251953125,413.8545192015544,412.46192839518204,413.53674814277605,41222600
2021-08-10,413.7423400878906,414.4526685963435,412.9946468851688,413.67690908891893,43339300
2021-08-11,414.7703552246094,414.86382398659487,413.6861803354337,414.8077484339359,44034300
2021-08-12,416.013427734375,416.15364514758056,413.72359979508303,414.6208372172166,38909400
2021-08-13,416.7705383300781,416.7892206760995,415.9760965228515,416.4620942233985,39470300
2021-08-16,417.751953125,417.8827866125121,413.91996092666375,415.471451563948,73740000
2021-08-17,415.0134582519531,415.87330259419554,412.03198379117543,415.2003672937734,92673900
2021-08-18,410.47113037109375,415.5648794226537,410.2281457688839,414.004033503329,89351900
2021-08-19,411.1066589355469,412.3030136509168,407.61114913490746,407.7513380397817,92812200
2021-08-20,414.37786865234375,414.7049951138694,410.96647217681397,411.4524984131377,72008700
2021-08-23,418.0229797363281,418.92957275106846,414.4526832434195,416.0602493564847,54973000
2021-08-24,418.6865234375,419.21926979163254,418.1724879522138,418.6865234375,38744700
2021-08-25,419.5650939941406,420.0791294982954,418.49960124676494,418.87347636542324,40529700
2021-08-26,417.08831787109375,419.5183349461485,416.9948490937456,419.2846772641112,57829600
2021-08-27,420.8175048828125,421.19135148689224,417.83603043980827,417.8921060042868,77235100
2021-08-30,422.66802978515625,423.45311610967644,421.2473729404078,421.49038603704406,48357400
2021-08-31,422.04180908203125,422.91100873089704,421.4436603048322,422.57455539172196,59300200
2021-09-01,422.2662048339844,423.4905689604895,422.03254712247315,422.9765334042328,48721400
2021-09-02,423.5653076171875,424.36907636322894,422.3689814101181,423.686814177093,42501000
2021-09-03,423.4624328613281,423.97649682090514,422.03244913978364,422.4343619875005,47170500
2021-09-07,421.9483642578125,423.21012139664674,421.27542901861193,423.1166526229062,51671500
2021-09-08,421.43438720703125,422.14471575872943,419.51837690907405,421.4157048587594,56181900
2021-09-09,419.6304626464844,422.98578312246457,419.387449559995,421.2380284408069,57970400
2021-09-10,416.3218688964844,421.9763727824504,416.2003623513121,421.55580611377326,89948200
2021-09-13,417.3873291015625,419.5743898490149,415.0787903327298,419.3126944167152,83738600
2021-09-14,415.13494873046875,419.03234294728094,414.2470381175579,418.82672304337876,78197100
2021-09-15,418.6023864746094,419.09773958576324,414.4526240434599,415.55548138185304,78792200
2021-09-16,417.9388427734375,419.0510271190857,414.99473310868217,418.07903168064803,77786700
2021-09-17,413.86761474609375,417.5899866501967,413.51131271479295,417.16807262421446,118425000
2021-09-20,406.9667663574219,409.3295710757895,402.10984707082173,407.75436793021106,166445500
2021-09-21,406.58233642578125,410.59537031179264,406.05726871090457,409.30144322368784,92526100
2021-09-22,410.5484313964844,412.58309005146594,406.69480673198865,408.8513325900805,102350100
2021-09-23,415.5366516113281,417.14001100580157,412.17996661282217,412.4143728690153,76396000
2021-09-24,416.2211608886719,416.9337651199925,413.6895616772255,413.90522575092706,62094800
2021-09-27,415.0303039550781,416.3523298980062,414.33644206403306,415.1896841659372,61371100
2021-09-28,406.66668701171875,412.5924834545763,405.9353407086728,412.2643090052773,130436300
2021-09-29,407.3512268066406,409.77967232630994,406.78864603672207,408.04506020824715,82329200
2021-09-30,402.3723449707031,409.52639859565073,402.034785142796,408.82317995272075,140506000
2021-10-01,407.154296875,408.8326537442385,400.58156466232106,404.0976586371233,129240100
2021-10-04,401.9035949707031,406.89173823936943,399.7657824946463,405.9916262485337,128570000
2021-10-05,406.08538818359375,408.3262970264828,402.6068074886927,403.4037658375677,90682500
2021-10-06,407.77313232421875,407.9794109817039,400.8722256266175,402.4942986652522,113032200
2021-10-07,411.2985534667969,414.1301704422201,410.86725401277494,411.0454050378357,72437500
2021-10-08,410.5484313964844,412.4518374427157,409.9202387275282,412.0674077940218,74557400
2021-10-11,407.57623291015625,412.79881127574237,407.5105922896659,409.89216791478833,65233300
2021-10-12,406.57293701171875,408.89825725037673,405.7853354665387,408.4950853785661,71181200
2021-10-13,408.0356140136719,408.8513431322092,404.6226741156243,407.594929147859,72974000
2021-10-14,414.8990783691406,415.04910180856405,411.2235756383798,411.6923881563111,70236800
2021-10-15,418.0589294433594,418.4246169939427,416.3899577874224,417.0087938325293,66260200
2021-10-18,419.2965393066406,419.6340705825797,415.6210366001597,416.2773855665458,62213200
2021-10-19,422.53131103515625,422.59692303340495,420.30911592133424,420.91859501540216,46996800
2021-10-20,424.1908874511719,424.4909342886698,422.87821830467027,422.9907287152216,49571600
2021-10-21,425.2973327636719,425.5223536137635,423.1595488456662,423.5908483463569,41305400
2021-10-22,424.8565673828125,426.30990306849355,422.91567707626706,424.86595278780356,58845100
2021-10-25,427.1349792480469,427.4631536608838,424.1721099698522,425.94420601670936,45214500
2021-10-26,427.5194396972656,429.89162954029996,427.14439546156063,428.68211402620443,56075100
2021-10-27,425.6255187988281,428.6446726137015,425.5504927707311,427.9789668380812,72438000
2021-10-28,429.7322692871094,429.8072666921166,427.04129028806375,427.05064707991323,51437900
2021-10-29,430.6042785644531,430.8949400235168,427.14444004690756,427.43510150597126,70162400
2021-11-01,431.3450012207031,431.96383713747196,429.61977470154915,431.5887642564896,48433600
2021-11-02,433.08892822265625,433.3983604582575,431.3824440663046,431.5137252848119,48908400
2021-11-03,435.73309326171875,436.1362651463071,432.08571825925554,432.5264031559585,52509800
2021-11-04,437.7864074707031,437.8707902706895,435.98615522887786,436.33307183350144,52847100
2021-11-05,439.305419921875,441.29318025230174,437.79585747597196,440.00863863956613,66390600
2021-11-08,439.6805419921875,440.8994718203254,438.99609396549533,440.40253164977514,50405200
2021-11-09,438.2271728515625,440.2805738708811,436.8207353651275,440.0461676231419,51149100
2021-11-10,434.7017517089844,438.22723130169896,433.22031661586044,436.5394889244419,69429700
2021-11-11,434.84234619140625,436.2675545379645,434.8236039920207,436.19252851233256,34848500
2021-11-12,438.1239929199219,438.67718819768925,435.161094692695,436.1081050332003,53466700
2021-11-15,438.2740783691406,439.56800554034606,437.14894545673525,439.40862530276064,46980500
2021-11-16,440.0086364746094,441.14315465497026,437.9364933419403,438.0114907479462,48857500
2021-11-17,438.93975830078125,439.9242530537252,438.32092239942926,439.74610202390977,47858300
2021-11-18,440.4306640625,440.69319795520033,437.2521011266173,439.97120828973823,50625600
2021-11-19,439.64300537109375,441.5651251990252,439.27731788187225,440.31806790988196,57315600
2021-11-22,438.40533447265625,444.0029569483632,438.19905582510415,441.5182563851529,72762000
2021-11-23,438.98663330078125,439.83987544998917,435.4799250989726,438.07713594296996,73206500
2021-11-24,440.15869140625,440.2805872370219,436.17378507370955,436.98951426235885,61858800
2021-11-26,430.341796875,434.9642817891199,429.21663530001194,433.5015889100639,112669600
2021-11-29,435.6205749511719,437.4583119148909,432.92959581507233,435.1236348523177,86268800
2021-11-30,427.1444091796875,435.0860934508205,426.9006175423312,433.18271599479897,148559600
2021-12-01,422.4000549316406,435.6862135337651,422.2031616971008,432.84521097923056,131939200
2021-12-02,428.86968994140625,430.43553635703284,422.22193180478286,422.61574691393747,127637800
2021-12-03,425.137939453125,431.5887754076615,420.91862695944747,430.5292831950463,137331600
2021-12-06,430.1729736328125,432.0482235973753,425.2691846744251,427.6788877462588,98977500
2021-12-07,439.0710144042969,439.633595102183,430.0416814760553,435.4424103932935,95484700
2021-12-08,440.23370361328125,440.68377393878586,437.71148993714627,439.4648728181905,72238800
2021-12-09,437.2614440917969,440.3368530852221,437.06455084489505,438.9491577219033,61272600
2021-12-10,441.3775634765625,441.52758690349503,437.41142821807136,439.9617692478392,77159800
2021-12-13,437.4676818847656,441.20879629669554,437.1863772299923,440.86187964178026,87724700
2021-12-14,434.4578857421875,436.6894377150197,431.5418858646757,434.2047373052017,97264100
2021-12-15,441.246337890625,441.49010093703475,432.00134036114184,434.5141971486355,116899300
2021-12-16,437.3552551269531,443.3747924623618,435.8081507648726,443.09351636782804,116568600
2021-12-17,432.700439453125,437.2827106378424,430.99737826772844,434.28117656754216,135511600
2021-12-20,428.0993957519531,428.4945657060667,424.4862697414786,427.62893618734074,107134800
2021-12-21,435.7020263671875,435.84315849906136,429.35082200169626,431.51492459595994,69806300
2021-12-22,440.0584411621094,440.17134685592566,435.25032979357655,435.44794347232624,58890200
2021-12-23,442.79656982421875,444.29262786782226,440.95237627994055,441.0558636062711,56439700
2021-12-27,449.06298828125,449.11002274302933,444.1231637825782,444.1701982443576,56808600
2021-12-28,448.6960144042969,450.52139946166386,447.9338723531307,449.4958012534843,47274600
2021-12-29,449.27008056640625,450.28626060152465,447.8022490075834,448.7996209971791,54503000
2021-12-30,448.0281066894531,450.7003138729297,447.56706545265257,449.69352339929355,55329000
2021-12-31,446.8988952636719,448.68663568101795,446.6260494189647,447.53874202831184,65237400
2022-01-03,449.4864196777344,449.6181621243115,445.8544860219246,448.15972040589463,72668200
2022-01-04,449.3359069824219,451.6223622300133,447.4822951975026,450.9072545217483,71178700
2022-01-05,440.70770263671875,449.7405319442751,440.61360498167255,448.9689713732978,104538900
2022-01-06,440.2936706542969,443.0035221624816,437.9319546066855,440.2466361867598,86858900
2022-01-07,438.55291748046875,441.4791903967264,437.19799187206786,440.30304168905667,85111600
2022-01-10,438.0072326660156,438.22362566846715,429.62364055153137,435.36325245373706,119362000
2022-01-11,441.99676513671875,442.0908627934465,434.751676287286,437.7438209696161,74303100
2022-01-12,443.1916809082031,445.2429062617321,441.2345819172256,443.7280116585806,67605400
2022-01-13,437.085205078125,444.9418863252983,436.05960657182123,444.29264976490606,91173100
2022-01-14,437.2639465332031,437.6120820227763,432.7287093594842,433.9425030975037,95890900
2022-01-18,429.5201721191406,432.7851627070061,428.4098944174529,432.5781593461344,109709100
2022-01-19,425.0602722167969,432.4558837567088,424.78739759355466,431.0633416406658,109357600
2022-01-20,420.3555908203125,431.6372011815895,418.2385229314581,426.94202425230395,122379700
2022-01-21,412.10369873046875,421.58814926561837,412.0754723100945,419.2358518525332,202271200
2022-01-24,413.8539123535156,414.3620167798547,395.90118600682246,406.50533543462075,251783900
2022-01-25,408.8011474609375,413.7409730372485,401.9136123373261,407.4744480032651,167997300
2022-01-26,407.7755126953125,417.80571346524874,403.5225401054795,414.6818552495206,186391100
2022-01-27,405.761962890625,415.50048178403745,404.07773829561154,412.36723366568094,149878300
2022-01-28,415.8392333984375,415.88626787051186,402.54404110046244,407.1168944257264,164457400
2022-01-31,423.3289794921875,423.67711501729514,413.82568940780607,415.1711970319807,152251400
2022-02-01,426.1892395019531,426.8290574808643,420.5343075616041,424.0533351601826,123155400
2022-02-02,430.329345703125,431.05384305532795,426.2833764423959,428.5886396673794,117361000
2022-02-03,420.2144775390625,426.20812763649417,419.37704575360794,424.3074813838875,118024400
2022-02-04,422.19036865234375,426.0293055549054,417.6080689818472,419.9792032496543,118454400
2022-02-07,420.83551025390625,424.3451203230606,419.5088108002381,422.95257835164983,84472900
2022-02-08,424.29803466796875,425.2201456654425,418.91597660458353,420.33677354523064,81012000
2022-02-09,430.508056640625,430.82796563209376,428.1275328887413,428.32511782459056,92589900
2022-02-10,422.77374267578125,430.6680383540824,420.778998939607,424.67438876665915,140103700
2022-02-11,414.43719482421875,424.9284364407401,413.00700821201644,422.858431768966,153214600
2022-02-14,413.0822448730469,415.5098319487012,409.6196698794952,413.92909493615394,123006300
2022-02-15,419.7440185546875,419.9133771021189,416.99652213320917,417.5140448697904,88482700
2022-02-16,420.2144775390625,421.588211390658,415.82979106919817,417.70221089727113,84863600
2022-02-17,411.2381286621094,420.18627912524965,410.63595532705654,417.03419417418587,102259100
2022-02-18,408.57537841796875,412.7436438259374,406.30775956776904,411.4922051366793,132642900
2022-02-22,404.19061279296875,409.7702560003978,400.6997823601273,406.37355193227506,124391800
2022-02-23,397.02093505859375,407.6627307128622,396.456377700217,407.0981733544854,132578000
2022-02-24,402.99566650390625,403.42850999389174,386.3790593344902,386.73658449661104,213942900
2022-02-25,411.8873291015625,411.97200837339045,402.58162557598797,404.22823397331,121804500
2022-02-28,410.8335266113281,412.3107765451423,405.25388303089113,406.50529284633944,145615000
2022-03-01,404.5764465332031,411.3416578546236,401.8759843184385,409.3374953713261,137785900
2022-03-02,412.0190734863281,413.740942784039,406.0724579549326,406.8251817399771,117726500
2022-03-03,409.96783447265625,415.04879163986294,408.17067562721684,414.4466183746847,105501700
2022-03-04,406.6369934082031,407.76607902539786,402.600442693899,406.2417947777143,113978200
2022-03-07,394.6496887207031,406.7593128666358,394.5838174926232,406.0536235461076,137896600
2022-03-08,391.6575927734375,401.97005852746355,390.59434954887394,394.82848568696517,164772700
2022-03-09,402.158203125,404.13413881650297,397.8393882545467,400.02232727972273,116990800
2022-03-10,400.34222412109375,401.2360799371363,395.5999843486872,397.55708322285636,93972700
2022-03-11,395.2518615722656,403.43783985789673,394.7437572588801,402.8262482347944,95636300
2022-03-14,392.3631896972656,399.46711605847577,391.2246858439781,396.0233780795918,95729200
2022-03-15,400.9914245605469,401.6218241501706,393.6993030071115,394.96952056412135,106219100
2022-03-16,409.8831481933594,409.939601038674,399.7023972745846,404.49170046381727,144954800
2022-03-17,415.0111999511719,415.0111999511719,407.5967527483876,407.9731146505722,102676900
2022-03-18,419.55670166015625,419.8776045343294,412.6666654946888,413.40286121868064,106345500
2022-03-21,419.43402099609375,421.3877523283893,415.93234592986585,419.3868116069883,88349800
2022-03-22,424.342041015625,425.2764356419781,420.8214989932451,420.8214989932451,74650400
2022-03-23,418.8771667480469,423.3037890750717,418.79222440449075,421.8125310374547,79426100
2022-03-24,425.19140625,425.2008538879378,419.7832096061072,420.8969363393452,64736900
2022-03-25,427.26788330078125,427.54160557531713,423.24710673053914,425.8238060374059,77101300
2022-03-28,430.3070983886719,430.3070983886719,424.7856157896072,426.6733001787727,68529800
2022-03-29,435.6303405761719,436.12115693733773,431.5057549157547,434.18626321308204,86581500
2022-03-30,432.94036865234375,435.2999738252827,430.8355904687236,434.48825466782915,79666900
2022-03-31,426.27691650390625,432.997068540125,425.8238618663555,432.1759304126346,121699900
2022-04-01,427.4850158691406,427.99466991123313,423.91729355560483,427.8530993439852,89048800
2022-04-04,431.1470642089844,431.25090181901925,426.86204176947047,427.68317979634264,59601000
2022-04-05,425.7010803222656,432.11919476582733,424.55903950236103,429.65578083151576,74214500
2022-04-06,421.4443664550781,423.71902938512,418.5656595556562,421.793612229182,106898000
2022-04-07,423.5679931640625,425.380182602623,418.62226996039726,420.5665823101026,78097200
2022-04-08,422.4354248046875,425.32357938924946,420.89695753959705,422.8129558921499,79272700
2022-04-11,415.2150573730469,420.0097628914947,414.7148221783834,419.16972953989875,89770500
2022-04-12,413.67657470703125,420.71762892299597,412.12865978994853,418.1975577653763,84363600
2022-04-13,418.4146423339844,419.16970449840653,413.25182485427155,413.4311571589825,74070400
2022-04-14,413.2046203613281,419.7548865120772,413.1007827575576,418.64113099890267,97869500
2022-04-18,413.3745422363281,415.0545800894282,411.14705981320014,412.27968190004844,66002500
2022-04-19,420.04754638671875,420.76484688177004,413.1008527235854,413.27073740895713,77821000
2022-04-20,419.73602294921875,422.4354264021452,418.57511557097627,421.82193478222695,65224400
2022-04-21,413.45953369140625,424.73846009934624,412.55345319655066,423.3510108398269,85417300
2022-04-22,402.11456298828125,413.4784030168014,401.54825187367607,412.37412370691203,132471800
2022-04-25,404.44580078125,404.6156854519276,395.31883470061024,399.87760832355883,119647700
2022-04-26,392.7327575683594,402.11455163658286,392.70444345361744,401.9163240296101,103996300
2022-04-27,393.8369445800781,399.16967497196913,391.703881227094,393.80863047196954,122030000
2022-04-28,403.7851257324219,405.51237307337215,394.1485050200903,398.5751272035263,105449100
2022-04-29,388.86297607421875,401.9540624319965,388.11733269096055,399.8021034252902,145491100
2022-05-02,391.20367431640625,392.5628092111438,382.2749075321882,388.92901145512707,158312500
2022-05-03,392.9970397949219,395.4038260055901,390.14661777180356,391.7039805238848,100028200
2022-05-04,404.9649353027344,405.53124638806986,390.4769516548114,393.65769528593023,144247900
2022-05-05,390.57135009765625,401.1329469341785,386.44676416954945,400.7082064100307,172929100
2022-05-06,388.2400817871094,391.50576802589364,382.9451403977338,388.0135688560758,151770800
2022-05-09,375.80963134765625,383.5868812355381,374.23340232623997,382.35045035687074,155586100
2022-05-10,376.677978515625,383.2754262479383,372.6477827083813,381.7747206128694,132497200
2022-05-11,370.6940002441406,381.3499860628742,369.94835688896774,375.71524733858433,142361000
2022-05-12,370.3070373535156,373.5727232304534,363.5208097766853,367.5038249274551,125090800
2022-05-13,379.1602478027344,380.5382491972758,373.39335762056186,374.4315896864937,104174400
2022-05-16,377.621826171875,381.2839385536254,375.27166828724563,377.5180173546355,78622400
2022-05-17,385.3896789550781,385.6256395203469,379.9720047899369,383.7001932426954,83029700
2022-05-18,369.8539733886719,381.12345103452697,368.61754246873323,380.840309909265,117674500
2022-05-19,367.5887451171875,372.0059481432004,365.3707103676318,366.7959211904098,98510700
2022-05-20,367.74920654296875,374.7336324078952,359.1696852051724,371.16591037827914,131432200
2022-05-23,374.6298522949219,375.3943621595535,368.45711634736125,370.7695124155736,76414900
2022-05-24,371.7700500488281,372.9592717368289,365.22920114781124,370.51472368444104,91448800
2022-05-25,375.0544738769531,377.0176812777946,369.8822383865586,370.27863587842137,91472900
2022-05-26,382.5487060546875,384.1815635422074,376.07396194375553,376.2816083941698,82168300
2022-05-27,391.93988037109375,392.0531368146943,384.80443638650837,385.0026351628093,84768700
2022-05-31,389.74072265625,393.07248421298215,387.00358624823434,390.3259001664865,95937000
2022-06-01,386.58831787109375,392.8648626531449,384.07769419751776,391.8549734040455,86585800
2022-06-02,393.9503479003906,393.99752849345634,384.18157442197986,386.42792368449955,79609600
2022-06-03,387.4850158691406,390.7884638335638,386.5128594774759,389.2405486758481,71874300
2022-06-06,388.6647644042969,393.21406164588547,387.4943805595861,391.48684319664267,57508900
2022-06-07,392.3929443359375,392.84599895820924,384.7195026936411,385.18200495505744,59272400
2022-06-08,388.1268005371094,392.4684805286195,387.33397652533813,390.6846048993001,64350000
2022-06-09,378.89599609375,388.6175587452947,378.89599609375,386.3523433395128,86289800
2022-06-10,367.90966796875,373.55385453962793,367.86248738155257,372.70440234363315,132893900
2022-06-13,353.9408264160156,360.3683895194282,352.3362831480851,358.5184668650851,170004900
2022-06-14,352.8742370605469,356.71568127410126,349.7784361620524,355.68689685396777,104011800
2022-06-15,357.9049377441406,362.3409783554577,351.22251951050276,356.1682429235863,125666800
2022-06-16,346.0597229003906,350.10881384000515,343.63404163139757,349.702968623294,134473300
2022-06-17,346.80572509765625,350.142419392661,343.30792965713135,346.47397650063243,111113900
2022-06-21,355.5361328125,356.9200870230244,352.4459063417937,352.521756092844,76811900
2022-06-22,354.89154052734375,358.9960185982588,350.9007792220965,351.3178660517575,90059400
2022-06-23,358.370361328125,359.1002487608876,353.46963484148904,357.0243321478926,79292100
2022-06-24,369.76434326171875,369.7738317116263,361.5079743602973,361.53641078181903,98050300
2022-06-27,368.35198974609375,370.97771602411575,367.2618882407592,370.6838633295004,66009600
2022-06-28,360.825439453125,372.68391795995,360.7116937770823,369.9065216331798,86548900
2022-06-29,360.5315856933594,362.3610628098229,358.71159702593604,361.37524766838453,65676000
2022-06-30,357.6025390625,360.8349471944622,353.1567954408799,356.6451313576215,112508300
2022-07-01,361.38470458984375,361.8207682477801,354.33218346585994,356.9484497006856,74839700
2022-07-05,362.0672302246094,362.0862071237408,353.4790840960441,356.30389388763615,81438000
2022-07-06,363.2900695800781,365.7736135029027,359.8301699411462,362.2094276989218,70426200
2022-07-07,368.7310791015625,369.5273277554807,363.30898013880693,365.06263643850446,64525900
2022-07-08,368.4278259277344,370.2952282014979,365.5745794315864,367.10071569720793,72397800
2022-07-11,364.2190856933594,366.7215778956689,363.5270941091934,365.7547105106273,58366900
2022-07-12,360.99603271484375,366.04845792183517,359.25186497173377,363.6691716276499,62219200
2022-07-13,359.10028076171875,362.02937706003513,355.14747320454023,355.5645600399159,84224600
2022-07-14,358.2281494140625,359.30876226262916,351.71594911911046,354.15207948496095,89704800
2022-07-15,365.07220458984375,365.1859502897795,360.72125799807424,362.6265563284071,79060400
2022-07-18,362.0578308105469,368.82596036630525,360.83500666975766,368.1529456840062,63203600
2022-07-19,371.8402404785156,372.4089977632134,365.3185809223327,365.9726185323084,78506000
2022-07-20,374.21002197265625,375.6224411378547,370.66481370776324,372.0298195598688,71843800
2022-07-21,378.0207824707031,378.0681668690259,371.233676151968,373.6319110568227,64903900
2022-07-22,374.5134582519531,379.3383643459128,372.29533041038957,378.1440056178114,72197300
2022-07-25,374.9684143066406,375.8215358224329,372.7313098957775,375.1390328241593,53631500
2022-07-26,370.53216552734375,373.53705331768873,369.6411191276845,373.3285099278068,52946400
2022-07-27,380.1535339355469,381.8977018374365,373.52755888438156,373.8214115297532,82342100
2022-07-28,384.9216003417969,385.61356292258694,377.4140666940386,380.95930457713075,73966600
2022-07-29,390.5332336425781,391.5190777399874,385.5850941133151,386.35290637404563,87003700
2022-08-01,389.3768005371094,391.8793213752261,387.1302364241008,387.8411758992656,69997500
2022-08-02,386.80792236328125,391.49064571833276,385.63251176391105,387.8127144423944,63435400
2022-08-03,392.8651428222656,394.0310649800449,388.6468906090099,388.93125481134643,67820600
2022-08-04,392.5997314453125,393.4718009620609,390.9598207163616,392.78929793981433,45656600
2022-08-05,391.9361572265625,392.5807353471059,388.26771450946586,388.3245873478551,56814900
2022-08-08,391.481201171875,395.87007236927724,390.3816112599049,393.6235081493515,53886100
2022-08-09,389.9266357421875,391.2537170647009,388.8554822335221,390.75132095945645,44931800
2022-08-10,398.1165771484375,398.2587881715667,395.0168917661512,396.9696030117307,68665700
2022-08-11,398.1165771484375,402.818277227606,397.37720132659865,400.9603347598482,59489700
2022-08-12,404.8562927246094,404.96054995020353,399.10241628589347,400.0503354779772,61694500
2022-08-15,406.5246887207031,407.0460617331619,402.5908291054767,402.6477019536426,54048300
2022-08-16,407.3209533691406,409.24522847882577,404.64781387838514,405.45355110579476,59289000
2022-08-17,404.4297790527344,407.1313549468698,402.42968313864895,403.7283280008868,63563400
2022-08-18,405.6051940917969,406.28766820146114,403.33965312992564,404.628809463559,49023200
2022-08-19,400.1546936035156,403.1121973862413,399.282595061536,402.8467811218481,68016900
2022-08-22,391.8225402832031,395.50047265781666,390.92200516583864,395.32982515838415,77695600
2022-08-23,390.87451171875,393.7846307828097,390.3247023494631,391.39585573923233,49105200
2022-08-24,392.1257629394531,393.49074002484474,389.9645082393007,390.64698231789686,49177800
2022-08-25,397.6616516113281,397.7090360070508,392.52391605971974,393.614017515164,50942300
2022-08-26,384.20111083984375,398.0881206908962,384.14423800473423,397.5478287573556,103087000
2022-08-29,381.6607971191406,384.70361032886984,380.3052793040388,381.2531987151374,65370800
2022-08-30,377.4709167480469,383.0541750206006,375.3760233037477,382.81719520790887,85652400
2022-08-31,374.5987243652344,380.3431127380741,374.46603071215685,379.10134082789193,76029700
2022-09-01,375.7742004394531,376.1154375189932,369.7264703742915,372.428046300128,78740100
2022-09-02,371.8118591308594,380.64647400085363,370.0013297859772,379.4331384469464,99632100
2022-09-06,370.40899658203125,373.5939919026862,368.19086864195987,372.6555609471726,76637400
2022-09-07,377.0633850097656,377.8311974242417,369.87816854830936,370.0961715004415,70964200
2022-09-08,379.5279541015625,379.9829368756566,373.59396971166063,374.79784580059123,80821700
2022-09-09,385.4240417480469,386.2866518911624,381.4996414658426,381.7650577461701,76706900
2022-09-12,389.5664367675781,390.2868647682197,387.18714981782034,387.49049096842776,69256300
2022-09-13,372.62701416015625,382.1062054187296,371.5084765344116,380.9023296148453,122947100
2022-09-14,374.0489196777344,375.56559617352946,370.7501504689949,373.92568555402255,85023700
2022-09-15,369.8022155761719,375.33805996184594,368.53200738172376,372.49430250102864,87633800
2022-09-16,366.9810791015625,367.63783250475103,363.6973120856197,365.6295206827052,103084800
2022-09-19,369.82696533203125,369.82696533203125,363.76392058262684,363.84008189633505,73278500
2022-09-20,365.5818786621094,367.51405803281153,362.8311539935767,366.50513850212155,77274900
2022-09-21,359.2048034667969,370.5504007332188,359.19527603958755,367.504586823731,106746600
2022-09-22,356.1875305175781,360.07091552367,355.44511739669144,358.4337956869669,89472600
2022-09-23,350.2196350097656,352.76095967141856,345.7841825636604,352.7228790149844,122346900
2022-09-26,346.75506591796875,352.3707580104209,345.53674617910787,348.7538794551558,92581200
2022-09-27,345.8698425292969,352.5515599107997,343.48078239742836,350.2862401271678,108294100
2022-09-28,352.67535400390625,354.3600529595543,345.127482081543,346.8217084645166,110802200
2022-09-29,345.3082580566406,349.42006827966514,342.36715927302765,349.13453598884,112952300
2022-09-30,339.9686279296875,348.2779675279083,339.8353891876637,344.36600021604005,153711200
2022-10-03,348.9442443847656,350.7907644280534,341.90083208876825,343.6807182327434,89756500
2022-10-04,359.7568664550781,359.78541969158493,348.90620087696135,354.45525951637643,103602800
2022-10-05,358.9192810058594,361.17507392455065,353.07516233117366,355.39758915348943,88065700
2022-10-06,355.2167053222656,360.47070383972516,354.72174385776447,357.5200770483229,82333500
2022-10-07,345.3082580566406,355.3022948939197,343.5473981378096,351.19045562386657,107789500
2022-10-10,342.67181396484375,346.6599140174196,340.4350759464563,346.4219606923115,76042800
2022-10-11,340.50164794921875,345.5367479558779,338.56946829764377,340.9775545535183,92482800
2022-10-12,339.3785400390625,342.4814606200205,339.1310592917608,340.9109745209168,76991800
2022-10-13,348.3350830078125,349.8008834901985,331.3356839052994,332.3826842498608,147254500
2022-10-14,340.39697265625,352.41837848921915,339.7592450066515,350.7907569397952,123737000
2022-10-17,349.1441345214844,350.24824134925336,340.06382821256403,346.46954168027236,93168200
2022-10-18,353.2464599609375,357.3583002169347,349.8103989866183,357.05371300233446,97162900
2022-10-19,350.7431945800781,353.9317748856679,347.9353337780581,351.2095737934234,79746900
2022-10-20,347.80206298828125,354.7122360773966,347.0405950042413,350.2958089110657,88283100
2022-10-21,356.254150390625,356.7395553428867,346.0221590756883,347.5260110650035,131038400
2022-10-24,360.6134338378906,361.7460937798273,355.1309809456278,357.77704931693273,85436900
2022-10-25,366.3719482421875,366.6860338162217,360.4231157662592,360.5373287022716,78846300
2022-10-26,363.6116943359375,368.90377378445976,362.9739957124518,363.230974837986,104087300
2022-10-27,361.66998291015625,366.44807462100994,361.05128110498777,364.6110821532887,81971800
2022-10-28,370.2742919921875,370.7501985039981,361.3843618372089,361.5652086354592,100302000
2022-10-31,367.5997009277344,369.68417378007797,366.6954959805395,367.81862838081696,96631300
2022-11-01,365.9911804199219,371.5783479860967,364.8204688405162,371.34039469961164,85407600
2022-11-02,356.8061828613281,369.9031408055681,356.70149735976,365.4010542504777,126990400
2022-11-03,353.13214111328125,356.16842682697944,351.0191151471187,353.5699669485685,87100100
2022-11-04,358.2148742675781,360.61343287804317,352.170855133582,358.8335469874606,103505200
2022-11-07,361.64141845703125,362.231537963315,357.4343915475703,359.50933724612685,68286900
2022-11-08,363.5926818847656,366.56233474373306,359.5189221082523,362.7455541021946,84641100
2022-11-09,356.10186767578125,362.77408732506177,355.6069062348671,361.6223724698831,78495500
2022-11-10,375.671142578125,376.00428299719744,367.0572450041489,369.35108918360226,141455800
2022-11-11,379.3071594238281,380.1066791775204,374.6432506233978,376.52785157305476,93839900
2022-11-14,376.0803527832031,380.89652430181656,375.8043188764604,377.54615295535484,71903500
2022-11-15,379.2879943847656,382.9239274120566,375.4807419701021,381.8198207261606,93194500
2022-11-16,376.39453125,378.61224316456577,375.76633106956126,377.6604299906343,68508500
2022-11-17,375.2427978515625,375.91860608551974,371.34038726892305,371.6449453937852,74496300
2022-11-18,376.946533203125,378.640759324959,374.10062138676545,378.57412543802,92922500
2022-11-21,375.575927734375,376.7466683045898,373.73893542221714,375.62353581760493,51243200
2022-11-22,380.6300354003906,380.7918564006526,376.10892338301994,377.51761716325757,60429000
2022-11-23,383.0286865234375,383.51409151080327,380.06853232216565,380.29695819857307,68261600
2022-11-25,382.9429931640625,383.49506108811516,382.1910816475926,382.46708656258517,30545400
2022-11-28,376.83233642578125,381.4962149118125,376.0708685003482,379.8590951809206,67881600
2022-11-29,376.1850891113281,378.1553200852392,374.34806781537714,376.9655537509073,52310000
2022-11-30,388.03521728515625,388.03521728515625,374.519486615748,376.4326114888511,144566700
2022-12-01,387.7496643066406,390.24341023181614,385.2463909544575,389.0726695441886,76398200
2022-12-02,387.30224609375,388.20645105003473,382.76210836744406,382.86679385886526,85342700
2022-12-05,380.3350830078125,385.41776267708946,378.98352435280736,384.48500420879964,77289800
2022-12-06,374.8525085449219,380.7156802284318,372.76806475628393,380.1731688832667,77972200
2022-12-07,374.2148742675781,376.5753814167961,373.0822142567911,374.0054742055746,65927900
2022-12-08,377.1464538574219,378.2124799961138,374.3195674856605,376.09948257287107,60737900
2022-12-09,374.3291015625,378.459967446831,374.20536119651905,375.90911499149865,81447700
2022-12-12,379.7258605957031,379.7258605957031,374.4528077117335,375.119059475854,75405800
2022-12-13,382.6003723144531,390.7098107273862,379.8401197057134,390.45283160745686,123782500
2022-12-14,380.15423583984375,385.9603029263179,377.21313615399055,382.2577351529548,108111300
2022-12-15,370.8549499511719,376.2041350287874,369.19880442028864,375.2999009475401,117705900
2022-12-16,366.47662353515625,369.641590174743,364.3443519350762,368.3029384387337,119858000
2022-12-19,363.3689880371094,367.00250429400353,361.70523742151596,366.6678340994925,79878100
2022-12-20,363.8662414550781,365.482194633709,361.2941043449694,362.61364283927566,74427200
2022-12-21,369.306884765625,370.4351746621718,365.9219858955704,366.4574464966575,78167400
2022-12-22,364.0383605957031,369.28780122976565,358.3490543275083,366.2662563964438,100120900
2022-12-23,366.1324157714844,366.2758375341586,361.46623322301946,363.0152466207401,59857300
2022-12-27,364.6885681152344,366.36189009849295,363.01524613197586,366.0176778685383,51638200
2022-12-28,360.1562805175781,366.59140954936333,359.92680568793685,364.62164360006597,70911500
2022-12-29,366.6391296386719,367.50926042450396,362.47015297141144,362.9960715854847,66970900
2022-12-30,365.6734313964844,365.8168531569802,361.84869548769285,363.961883087202,84022200
2023-01-03,364.1339111328125,369.49808808826083,361.27490181125125,367.52835185196017,74850700
2023-01-04,366.9452209472656,368.97232657809616,363.34995937987674,366.39061782612254,85934100
2023-01-05,362.757080078125,365.10928447945327,362.1642506841692,364.9945470716449,76970500
2023-01-06,371.0758361816406,372.19458418736764,362.7857380848977,365.8455090657922,104189600
2023-01-09,370.865478515625,376.44961824670435,370.6838304181261,373.26550947515705,73978100
2023-01-10,373.4662780761719,373.53321794947027,369.3451279864,370.28219867133123,65358100
2023-01-11,378.1898193359375,378.26633038365287,374.2312334389066,375.0439955334967,68881100
2023-01-12,379.5667724609375,381.02973273660194,375.22571833967487,379.289500125456,90157700
2023-01-13,381.039306640625,381.6130228505716,376.10539392375364,376.3731242643396,63903900
2023-01-17,380.34124755859375,382.69348088927234,379.66236518124305,381.0201591163604,62677300
2023-01-18,374.3364562988281,382.58832869980466,374.1356658339176,381.52697849057256,99632300
2023-01-19,371.6112976074219,373.9443593060729,370.2917592534764,372.2997219516563,86958900
2023-01-20,378.53411865234375,378.6871115907864,371.36273880270227,373.0073764154368,91806400
2023-01-23,383.07598876953125,385.0074698849866,378.3811219727352,379.3373059432333,84178800
2023-01-24,382.66485595703125,383.57321326654665,380.2170272035857,381.40268604904264,59524900
2023-01-25,382.80828857421875,383.14295882633485,376.31579073268307,378.6010846087599,84800300
2023-01-26,387.0154113769531,387.1779754700334,382.5022224600164,385.4663982164665,72287400
2023-01-27,387.9046936035156,390.2760402786123,385.7628509166012,385.97321255052447,68346200
2023-01-30,383.0376892089844,387.37877210654403,382.7412745466371,385.1508473703547,74202000
2023-01-31,388.66961669921875,388.7174142189188,383.20978597821664,383.554027333468,86811800
2023-02-01,392.80029296875,395.5445649835094,384.7205573752073,387.4552290338302,101459200
2023-02-02,398.518310546875,399.98127069479483,394.78919930515946,396.6824246845757,101654500
2023-02-03,394.28240966796875,398.69997431086017,393.07760869975664,393.55570061661354,94736800
2023-02-06,391.87286376953125,393.2689133762878,390.2186841761235,391.834637420615,60295300
2023-02-07,396.998046875,398.2410744328294,389.71192928803475,390.95495684586416,90990700
2023-02-08,392.6568908691406,396.36688886374986,391.96843733219856,395.0282373142556,76227500
2023-02-09,389.2528991699219,396.40516522520073,388.028984948847,396.25217230001425,78694900
2023-02-10,390.1612854003906,390.54375312300726,387.26404936045475,388.07678232835883,70769700
2023-02-13,394.741455078125,394.87533485395085,390.35257371738345,390.811552573958,64913500
2023-02-14,394.55975341796875,396.86413102531327,390.61070909281807,393.2210725630297,88389300
2023-02-15,395.8409729003906,395.9174547636312,391.5285747023186,392.3700211000315,61555700
2023-02-16,390.3907775878906,394.8179138959173,390.25692701019995,390.8784407346895,76431500
2023-02-17,389.41546630859375,389.6545122847336,386.34609496505783,388.26803395095567,89257800
2023-02-21,381.60345458984375,386.4513142893378,381.34529542458307,385.39950609313314,82655900
2023-02-22,381.0776062011719,383.5541194328464,379.6241877439821,382.0146479112843,83742300
2023-02-23,383.1047058105469,384.5772374212778,378.8879306391957,383.9652656213402,96242400
2023-02-24,379.0121765136719,379.84405183245593,376.3922419822525,378.0942481460913,108194400
2023-02-27,380.3030700683594,383.7070827492521,379.36599925020045,382.3492886397092,80444700
2023-02-28,378.8974609375,381.78512595829335,378.79226552930106,379.82496053517093,96438600
2023-03-01,377.44403076171875,379.30860107550785,376.1436346387775,378.0846868266854,99706800
2023-03-02,380.37957763671875,381.22102427631245,375.1396784958807,375.4743487521402,85127800
2023-03-03,386.48004150390625,386.7286586997874,381.5461282021258,382.1963263662835,90120000
2023-03-06,386.74774169921875,389.5971805098177,386.30790523195174,387.3023155770407,72795900
2023-03-07,380.81939697265625,386.9389980101572,380.2074543771584,386.69995200651795,108310600
2023-03-08,381.4409484863281,382.1963128648765,379.21302334137835,380.9341721144572,74746600
2023-03-09,374.4034118652344,383.88877016600645,373.4185434936177,382.2249901315046,111945300
2023-03-10,369.0009765625,375.9333106680976,367.4806474809918,373.85837851710613,189253000
2023-03-13,368.47503662109375,373.28466995051247,363.97141834242984,365.08059523708437,157790000
2023-03-14,374.56597900390625,376.2106166958166,370.09101558517847,373.3898621469937,149752400
2023-03-15,372.2232360839844,372.4240265155613,366.8972852061237,368.98178810972763,172996900
2023-03-16,378.75396728515625,379.0982086417623,369.3642641428275,369.8710404113854,143254200
2023-03-17,374.3253173828125,378.55818505074,372.9431553160695,377.4255889740926,140553400
2023-03-20,377.9246826171875,378.33743311980123,374.4021114765073,375.10277090610924,93055800
2023-03-21,382.8870849609375,383.3670015855469,379.69082383763816,381.28415054635593,91524200
2023-03-22,376.36016845703125,386.3232414014182,376.3217962204962,382.71428861761933,111746600
2023-03-23,377.3775939941406,383.25176789780386,374.6708576136584,379.2204571484992,119351300
2023-03-24,379.8539733886719,379.9403548581303,373.75902695920195,376.1010222149094,107682400
2023-03-27,380.56427001953125,382.8966870426311,379.6716321408978,382.1288028794633,74010400
2023-03-28,379.71002197265625,380.5642582938647,377.8767370350477,379.8731772141997,62871700
2023-03-29,385.22906494140625,385.4690232440617,382.6662973806607,383.8660888939379,77497900
2023-03-30,387.4847106933594,388.10859647318574,385.62263176835995,387.8590304445402,69840000
2023-03-31,392.9461364746094,393.24368242982905,388.30051790737826,388.4061147934353,112062600
2023-04-03,394.4433898925781,394.846503356158,392.03419964751777,392.4277346993414,67391100
2023-04-04,392.2550354003906,395.3744932102715,390.8824517022873,395.0865256835199,66601500
2023-04-05,391.2279968261719,392.2838191469049,389.577082640603,391.52554275858984,65200200
2023-04-06,392.7541198730469,393.03247968178334,389.3850962213968,390.43131081559227,63743300
2023-04-10,393.1572570800781,393.23406013832266,389.66347951634174,390.27775752337686,63681000
2023-04-11,393.2628173828125,394.66416550169424,392.49496262249465,393.78113545650683,59297900
2023-04-12,391.6598815917969,395.61441853712375,391.0743974655557,395.32645103436823,86420400
2023-04-13,396.8622741699219,397.21740780284637,391.602377161458,392.744581127332,85814800
2023-04-14,395.8928527832031,398.41721916409074,393.5892586164342,396.2288003118919,78161500
2023-04-17,397.3133239746094,397.3325100919648,394.5777937246766,395.80637894641507,66436400
2023-04-18,397.57244873046875,399.0218060432113,396.199894466918,398.887415353016,63560000
2023-04-19,397.5053405761719,398.4075568472331,395.60486027089866,395.6624479202901,55227300
2023-04-20,395.33612060546875,397.08302413683805,393.79077385332334,394.69301944461137,75840400
2023-04-21,395.64324951171875,396.10395069254025,393.6947893230702,395.6336418065236,73457400
2023-04-24,396.0559997558594,396.47832873039835,394.1075394245126,395.44169241406223,64332100
2023-04-25,389.7690734863281,394.6450428024144,389.7114858346393,394.0883231137075,97766700
2023-04-26,388.1181335449219,391.4583635816679,387.56144318468967,390.3833550986097,80447000
2023-04-27,395.84478759765625,396.11353970438057,390.40252082176045,390.652086810784,92968400
2023-04-28,399.2234191894531,399.23302689490464,394.9041697532796,394.9617574024191,89433100
2023-05-01,398.8203125,400.8455465437123,398.58993260769745,398.7819109693187,62122300
2023-05-02,394.3377990722656,398.1579450819576,391.43911386272157,398.10993585532395,103998500
2023-05-03,391.6311340332031,397.24616414474065,391.39117573178515,394.83697342513307,91531800
2023-05-04,388.8572692871094,390.91129731617235,387.5230869408355,390.58495750937874,94901900
2023-05-05,396.0559997558594,397.102214486308,392.2262744508848,392.48541888407567,87891800
2023-05-08,396.16156005859375,396.64147667611564,394.76021173712985,396.3823322476967,50046800
2023-05-09,394.42425537109375,395.53766541370464,394.1939047732381,394.61623373049684,49220100
2023-05-10,396.2671203613281,397.8892407221348,392.44697389350114,397.2557473304781,96142900
2023-05-11,395.5760498046875,395.8639880395315,393.5028066384593,395.4032868637811,70157100
2023-05-12,395.0577392578125,397.0254148728848,392.63897016343816,396.8142503993596,70481500
2023-05-15,396.4206848144531,396.8237983199805,393.75234992228525,395.66240845072787,54289400
2023-05-16,393.7715759277344,396.2383543170176,393.761968222226,395.31689334176326,57705500
2023-05-17,398.5515441894531,399.1562144912637,394.14591338269895,395.78721992832476,87287000
2023-05-18,402.3908996582031,402.8132286270494,398.0140624281471,398.23480532655367,97177200
2023-05-19,401.80535888671875,403.82101441184767,400.58638129995114,403.29311788250186,103793300
2023-05-22,401.96856689453125,403.50430592203884,400.58640469895295,401.8245977682805,60745400
2023-05-23,397.45733642578125,401.9013689419868,397.0638012887145,400.32722839371974,86383500
2023-05-24,394.5777893066406,396.2383111304324,393.41639944632345,395.8543837451471,89213700
2023-05-25,397.9948425292969,399.4442000783956,395.84482546980115,398.0812240048889,90961600
2023-05-26,403.149169921875,403.86904489294824,398.5707756508926,398.6475494260872,93830000
2023-05-30,403.3027038574219,405.6062976614237,401.9205417166639,405.07840112218025,72216000
2023-05-31,401.06634521484375,402.3813121326053,399.5018122688516,401.47906649861943,110811800
2023-06-01,404.8768310546875,405.93265339027886,400.04887142591303,401.29664281865877,88865000
2023-06-02,410.7318420410156,411.5188830151562,406.92130300774403,407.44919955900986,91426200
2023-06-05,409.9447937011719,412.3635629860605,409.2441048720611,411.0773899248413,65460200
2023-06-06,410.8373718261719,411.36526832885664,408.87930404707026,409.53201283462573,64022200
2023-06-07,409.4169006347656,412.36359602704806,408.994571620611,411.2309997126284,85373300
2023-06-08,411.8932189941406,412.344341762355,408.71617349799953,409.4840283285931,61952800
2023-06-09,412.63226318359375,414.63831094166113,411.6436362158996,412.689850828952,85742800
2023-06-12,416.3756408691406,416.4524439304632,412.89147087099775,413.61134578902306,76104300
2023-06-13,419.12078857421875,419.76386044542505,417.1723282571571,417.8346155400201,95899700
2023-06-14,419.6198425292969,421.4243335080621,416.1740450929453,419.4566872999007,100612100
2023-06-15,424.82220458984375,426.06997610483035,418.7080714411939,418.8040313332803,110303100
2023-06-16,423.3751220703125,427.37322020593024,422.9030661850773,426.804818584776,114165800
2023-06-20,421.1785583496094,422.3250049416328,419.107257409602,421.4386947666536,76160400
2023-06-21,419.02056884765625,420.9955241203809,418.43288044222425,420.19591625792975,76982300
2023-06-22,420.5331115722656,420.6390713007603,417.72961825633774,418.06681362984074,70637200
2023-06-23,417.3538513183594,419.1361444036858,416.6409458444642,417.08410091737835,92074500
2023-06-26,415.64874267578125,418.7027001286234,415.40789299777055,416.78554609984883,72823600
2023-06-27,420.2055969238281,420.8221567639146,416.0726085341393,416.52540707007813,72813700
2023-06-28,420.4175109863281,421.4290677123489,418.509971256602,419.1265310456325,75636000
2023-06-29,422.0744934082031,422.2382840858477,419.5985816622902,420.0031925590313,67882300
2023-06-30,427.0553283691406,428.0379843526411,424.96474047999936,425.28267848094407,104964000
2023-07-03,427.5466003417969,427.82596471994304,426.429054627451,426.70844840618423,32793400
2023-07-05,426.9107971191406,427.6429894132442,425.7258063379871,425.7354497315169,58418400
2023-07-06,423.56781005859375,423.9917077726785,421.06296794825374,423.3366038147622,80658300
2023-07-07,422.4984130859375,426.43873894163033,422.25756345371417,422.57550143257924,86134200
2023-07-10,423.56781005859375,423.7412147414674,421.5735680037754,422.1419696202549,62443500
2023-07-11,426.2653503417969,426.7566930521444,423.3558970583311,424.32893908451956,64463800
2023-07-12,429.6950378417969,431.1016209821125,428.62567949600117,430.0515200243212,91924500
2023-07-13,433.10546875,433.89546265173254,431.07271183277675,431.50622355890425,72425200
2023-07-14,432.8357238769531,434.83958003816,432.07463074719146,433.991813962652,69815800
2023-07-17,434.338623046875,435.3887239970372,432.6430320958501,432.6912196663996,52680200
2023-07-18,437.5660400390625,438.2115006773749,433.5775554716282,434.01109662916457,80668200
2023-07-19,438.5390319824219,439.7239933832524,437.48890168977437,438.3559839057652,65891700
2023-07-20,435.62957763671875,438.44271452207744,434.91667207150675,437.5467608684042,70591600
2023-07-21,435.62957763671875,437.5467608684042,435.61996364299455,437.3444259913096,71275600
2023-07-24,437.5756530761719,438.38490436691495,435.74517222742827,436.7760157789645,54023400
2023-07-25,438.7702941894531,440.0227007047043,437.2577512159894,437.3059387900186,55191200
2023-07-26,438.83770751953125,440.263518637083,436.7856637889011,437.83576473919794,71052900
2023-07-27,435.9281921386719,442.62382369326946,435.0225951669556,442.2191833737535,92194400
2023-07-28,440.19610595703125,441.0246146496096,435.92822776892785,439.1941631701477,80011800
2023-07-31,441.03424072265625,441.39069349037516,439.35790721415856,440.66814456102355,62040400
2023-08-01,439.772216796875,440.51402315707037,438.81843216166044,439.5698819163366,55291500
2023-08-02,433.65460205078125,436.9205079074881,432.90315234388123,436.6604008783812,93933400
2023-08-03,432.4118347167969,434.2904737931767,430.9956375639887,431.64112757810364,64276100
2023-08-04,430.45611572265625,436.32320952695244,429.9358722590493,434.2230076857938,100128900
2023-08-07,434.21337890625,434.36752621178806,431.59293351328745,432.28658168791264,58357500
2023-08-08,432.3251647949219,434.20380401220746,428.9725267488997,431.67967473239247,71361300
2023-08-09,429.4349365234375,432.7586735355105,428.6738433785323,432.59488283321724,78789600
2023-08-10,429.5890808105469,435.16716703483127,428.42337671620794,431.7856284811605,93005500
2023-08-11,429.3385925292969,430.3501787286785,427.1227874459535,427.72008989099777,68690900
2023-08-14,431.7085266113281,431.7085266113281,428.1150686990038,428.4233633029166,47867400
2023-08-15,426.67962646484375,430.2923712690211,426.1111954097984,429.9358890851779,75707500
2023-08-16,423.548583984375,427.9223925566891,423.44259484772283,426.26534575201464,80107200
2023-08-17,420.3211364746094,425.27298943715965,419.8008930565569,425.0128824284278,95711300
2023-08-18,420.5234680175781,421.5543115245304,417.1612164787308,417.5080258452247,98852000
2023-08-21,423.2595520019531,424.00135836533855,419.3867000805202,421.5350602162778,68719000
2023-08-22,422.113037109375,425.0321333206804,421.5542789285874,425.0321333206804,64994200
2023-08-23,426.81451416015625,427.4311034249485,423.0283644204359,423.17286834168584,68441000
2023-08-24,420.8992004394531,428.92429730681755,420.87027025881116,428.41369725884107,88517300
2023-08-25,423.8664855957031,425.1477928046301,419.0783933508206,422.62369316256587,102325100
2023-08-28,426.5543518066406,427.1709115909124,423.8664616174519,426.05336574379237,61595400
2023-08-29,432.72015380859375,432.9995476574254,426.2653709047112,426.44841900560834,83081900
2023-08-30,434.50238037109375,435.13822692888783,432.35399106524045,433.057282576268,69053900
2023-08-31,433.8665466308594,436.2557562391773,433.6834985527266,435.1189529964718,66084600
2023-09-01,434.6758117675781,437.06505085275637,433.2210704898494,436.5833515582069,58944100
2023-09-05,432.7972106933594,434.5506033353466,432.72979513066315,434.23269470933957,55166200
2023-09-06,429.8877868652344,432.09397821162366,427.56599237416026,431.9879890619317,70758500
2023-09-07,428.56793212890625,429.2422936014499,426.54478891008307,426.89159834157476,70355400
2023-09-08,429.2133483886719,430.74514868706615,428.25959315019446,428.61604594030854,61659700
2023-09-11,432.0361328125,432.3443980335229,430.1285929169173,431.8337979292306,60180100
2023-09-12,429.66619873046875,432.1132397855067,429.08818300144895,430.5910826980936,67565400
2023-09-13,430.1671447753906,431.3232055262028,428.7894623481302,429.8877509320253,60199300
2023-09-14,433.8761291503906,434.56977723810513,431.33277242916336,432.63336626870154,83430800
2023-09-15,428.64874267578125,432.62229333118586,428.21370176743056,432.2935859212208,111848900
2023-09-18,428.9001159667969,430.1956202798295,427.8656361967372,428.3393572391215,55752200
2023-09-19,428.0106201171875,428.57137880593234,425.3326034960519,427.981617392204,66514600
2023-09-20,424.0757751464844,429.68318495179983,423.8727265693422,429.2674693964477,82562600
2023-09-21,417.0665283203125,421.4944451347644,416.9118372759941,421.2334205936458,104095800
2023-09-22,416.12872314453125,419.6865285568745,415.71297806578804,418.09131961695476,100829700
2023-09-25,417.8786315917969,417.91728222441265,414.4851650567311,414.92023546020613,70874500
2023-09-26,411.739501953125,415.5486844090262,410.90804120931955,414.84291199312287,96168400
2023-09-27,411.9038391113281,413.47007499335564,408.268702550775,412.90931622583537,104705800
2023-09-28,414.291748046875,415.964317107926,410.762945679416,411.35270706101295,92258300
2023-09-29,413.28631591796875,417.5112133076614,411.7684378270295,417.3371969608053,115111300
2023-10-02,413.1219787597656,414.36915501527096,410.3666017087048,412.4548865420046,83798600
2023-10-03,407.5919189453125,413.1800040858978,406.2287317175528,410.9467055118216,103760600
2023-10-04,410.5599365234375,411.30435944495287,406.59606370497346,408.0559363281981,87453000
2023-10-05,410.4052429199219,411.2463514179395,407.1858225474584,410.269877205424,70142700
2023-10-06,415.2779235839844,416.81512702154566,406.6347574601129,407.9592644123595,113273300
2023-10-09,417.9366455078125,418.5070521455923,412.8319589906931,413.3830108074734,80374400
2023-10-10,420.1119079589844,422.70291641435927,418.16863686530417,418.56502711101643,78607300
2023-10-11,421.83282470703125,422.08417183466213,418.797068320578,421.17540990507433,62451700
2023-10-12,419.2611083984375,422.8189135801861,416.91179922986146,422.44187816631086,81154200
2023-10-13,417.1728210449219,421.9584770278049,415.60661494268294,420.7596289275812,95143100
2023-10-16,421.56207275390625,422.6255551040407,419.1740835467255,419.4157827397426,75433200
2023-10-17,421.5426940917969,423.5923279162561,418.0912522340032,418.4392848901998,75324700
2023-10-18,415.9256286621094,420.7306097718711,414.8428210042976,419.77349041439385,93559800
2023-10-19,412.27117919921875,418.4490253157197,411.59443909771255,416.64111990263626,121323000
2023-10-20,407.20513916015625,412.37750784711915,407.0987761718527,411.83610400929126,123919900
2023-10-23,406.4993896484375,410.35692908932583,403.92770652261123,405.67760643648245,92035100
2023-10-24,409.5641784667969,410.71466914656554,406.7701212432729,408.61670687631084,78564200
2023-10-25,403.68597412109375,407.9109007331841,403.17357302000806,407.8818980106432,94223200
2023-10-26,398.85205078125,403.47333880031834,397.93361142540357,402.6225823087564,115156800
2023-10-27,397.0440673828125,400.83392348318415,395.62287503320994,400.4375332899705,107367700
2023-10-30,401.79107666015625,402.8448816266276,398.5329761803426,399.8284803456642,86562700
2023-10-31,404.314453125,404.63348310254605,400.45691364342605,402.361504611754,79665200
2023-11-01,408.6263427734375,409.43844855236455,404.74947812853236,405.28123407598383,98068100
2023-11-02,416.4573974609375,416.612088488878,412.3968391143164,412.41616442869764,94938900
2023-11-03,420.2569274902344,421.80380835994043,418.63271585397734,418.75840416588386,100167800
2023-11-06,421.2237243652344,421.66844265759465,419.28045324415575,421.01102787683624,67831700
2023-11-07,422.4224853515625,423.0605747296388,420.08285380291056,421.223666855701,64256100
2023-11-08,422.73193359375,423.5440394282341,420.43095231056213,423.02196085453033,61746000
2023-11-09,419.4350891113281,423.91136268453704,419.0096961904857,423.87268255419826,83174400
2023-11-10,425.9803466796875,426.28972875327344,419.42546520511473,421.5041020397778,89462200
2023-11-13,425.5743103027344,426.6764433760795,423.86309048956497,424.64619358239656,52236100
2023-11-14,433.8307189941406,435.11654569788686,431.27836139592864,431.50073527138204,97176900
2023-11-15,434.7491760253906,436.39274237985995,433.8983901244557,435.16489156652574,77327600
2023-11-16,435.28094482421875,435.59997479434537,433.24098818272,434.30447059030485,66665800
2023-11-17,435.82232666015625,436.43141334936854,434.3721314970017,435.29057073108856,83133200
2023-11-20,439.1771545410156,440.0182630951851,435.5613141930735,435.57099160312566,69936200
2023-11-21,438.2200012207031,439.0514618608499,436.9534996970191,438.13299304399567,49244600
2023-11-22,439.91192626953125,441.2267854299995,438.8194705277012,439.8732756356209,59394900
2023-11-24,440.1825866699219,440.3759578384197,439.6315348978691,439.9602422808771,29737400
2023-11-27,439.3898620605469,440.3663068584605,439.0031197003399,439.55420100976517,50506000
2023-11-28,439.8249206542969,441.12042500107185,438.4424081242647,439.00313736224456,62115000
2023-11-29,439.5155029296875,443.10234049536746,439.1191421839662,441.97117519611106,63146000
2023-11-30,441.24609375,441.59415597189025,438.2876976332808,440.35665713551293,79752700
2023-12-01,443.8564453125,444.3881717849613,440.0472633152973,440.6369952391435,89183400
2023-12-04,441.5264892578125,443.87579870037587,439.25451058722007,440.4726841519421,72430900
2023-12-05,441.4394226074219,442.3965419933345,439.7668535301099,440.14391844231596,69793500
2023-12-06,439.6605529785156,443.60507121667763,439.225482586349,443.57606849081975,69124700
2023-12-07,443.0153503417969,443.6630877368815,441.13976201140014,441.73917136361564,66995400
2023-12-08,444.919921875,445.451648340426,442.02917923250493,442.27087844484373,83194400
2023-12-11,446.65045166015625,446.8244975103325,444.2141343049595,444.4268307846884,65002200
2023-12-12,448.6904602050781,448.7871457987425,445.30667095693167,446.30247061264276,68327600
2023-12-13,454.8778991699219,455.12927578193285,448.709730800554,449.0674408996175,93278000
2023-12-14,456.3377685546875,458.0006602364905,453.6693999362765,456.8114895469167,119026000
2023-12-15,455.58642578125,456.91633245678577,453.74207009746453,455.7417439978948,141553700
2023-12-18,458.149169921875,459.1296032853033,456.13009218585904,457.1881698520897,70375300
2023-12-19,460.93505859375,461.012732509764,458.61506136543755,458.69270565753243,55761800
2023-12-20,454.5477600097656,461.96401935450547,454.12064234016117,460.0808267995912,102921000
2023-12-21,458.8577575683594,459.1295570366737,455.1107760152546,457.5278509164755,86667500
2023-12-22,459.7799987792969,461.4593494800929,457.8871188250065,459.9838410092211,67160400
2023-12-26,461.7213134765625,462.62407274345054,460.1099204752376,460.18759438735214,55387000
2023-12-27,462.5561828613281,462.7017844285322,460.98362668768385,461.5175089754055,68000300
2023-12-28,462.73089599609375,463.5656980482324,462.31349497002446,462.9153345190397,77158100
2023-12-29,461.39129638671875,463.060930093317,459.44014657654174,462.53673484415077,122283100
2024-01-02,458.8092041015625,459.7993540123723,456.7124526493962,458.3335624378489,123623700
2024-01-03,455.0622863769531,457.39200051317124,454.4604467676884,456.6542463475319,103585900
2024-01-04,453.5964660644531,457.16869615612853,453.37319057475315,454.5865863632777,84232200
2024-01-05,454.2177429199219,456.66393818647634,452.7713549830218,453.8003122508208,86118900
2024-01-08,460.7021179199219,460.84771948944723,454.5865853845721,454.71278328613425,74879100
2024-01-09,460.00323486328125,461.02247554943773,457.54732279548995,458.05208481523704,65931400
2024-01-10,462.6047058105469,463.4686578138975,459.9934757568045,460.27499186871785,67310600
2024-01-11,462.40087890625,464.119036700077,458.4306513904914,463.60455806414546,77940700
2024-01-12,462.72119140625,464.58498035155515,461.3136700813151,463.8472262405501,58026400
2024-01-16,461.0224609375,462.6532578332319,459.2072255045687,461.3428140279713,85014900
2024-01-17,458.45977783203125,458.94513616011074,456.110630489601,458.00353981867966,68843900
2024-01-18,462.5367736816406,463.0900892897804,458.58597937392244,460.1294153145847,91856200
2024-01-19,468.3028259277344,468.58434205067863,462.5853202688259,463.6628015298727,110834500
2024-01-22,469.2929992675781,471.01115715758357,468.64260604571103,469.83659824827777,75844900
2024-01-23,470.66162109375,470.90430023582877,468.7493378931313,469.83653570981716,49945300
2024-01-24,471.17620849609375,474.4572061642856,470.6811334834007,473.525326396796,81765000
2024-01-25,473.7388610839844,474.01066056996024,471.17618444820096,473.3020267275593,72525000
2024-01-26,473.1369934082031,474.79691054106985,472.29247468488353,473.3117152908374,76641600
2024-01-29,476.8839416503906,477.0295728420406,472.9040272208165,473.4476261562877,61322800
2024-01-30,476.51507568359375,477.2236798269538,475.7578883130134,476.1947226231299,58618400
2024-01-31,468.73968505859375,474.7581108271003,468.72025176527393,474.3115894395865,126011100
2024-02-01,474.8746032714844,474.90372358641025,469.6327095934461,470.43842101293257,91891600
2024-02-02,479.8737487792969,481.523949196212,474.97161226030033,475.31136898916844,99228200
2024-02-05,478.12646484375,479.90289286822576,475.87442477356564,479.2428126687566,75757100
2024-02-06,479.51458740234375,479.84462748505155,477.64108188661896,479.06803644581043,55918600
2024-02-07,483.51397705078125,483.93137810723994,480.854193242822,481.756982255993,70556500
2024-02-08,483.7275390625,484.10610316011065,482.69858176017516,483.51398020972,52343600
2024-02-09,486.523193359375,486.9599980744067,483.8925299274153,484.2322866772762,63979400
2024-02-12,486.30963134765625,488.75582660767503,485.59128089218916,486.49406987855394,56502300
2024-02-13,479.6116027832031,482.53346897353373,476.3500095116949,480.0484370645988,113099200
2024-02-14,483.97021484375,484.4555731763151,479.92231331563113,482.2423403647749,68387800
2024-02-15,487.3094482421875,487.4938867654942,484.19342663721847,484.6690979139186,61683000
2024-02-16,484.8826904296875,488.1442842020213,484.144936285217,487.00856229426716,75532900
2024-02-20,482.2132263183594,483.8149029118612,479.97087316267243,483.14510603430045,71736700
2024-02-21,482.6500244140625,482.8053426352379,479.1069145137689,480.9124629140013,59293400
2024-02-22,492.6387023925781,493.59970240133447,488.2898811137423,489.25091074641995,76402500
2024-02-23,492.9784240722656,495.1916567031526,492.25038663284334,494.3568250348437,61321800
2024-02-26,491.1728820800781,493.8520693709636,491.0466841824756,493.4152350521733,50386700
2024-02-27,492.0852966308594,492.3085720852041,489.9691418205027,491.86205080043067,48854500
2024-02-28,491.4350280761719,492.01743437576624,490.17307863790023,490.5322390639573,56506600
2024-02-29,493.2016906738281,494.8130838290683,490.5516532421677,493.1920036518268,83924800
2024-03-01,497.8320007324219,498.25911842016706,493.6676477127876,494.0753617325155,76844800
2024-03-04,497.298095703125,499.1424809176813,497.00689257657365,497.03604251314806,49799300
2024-03-05,492.3280334472656,495.7449748064334,490.1245174506037,495.29842384541166,72855600
2024-03-06,494.8227844238281,497.0748540345267,493.53174438668293,495.5993458504527,68382400
2024-03-07,499.7346496582031,500.78304025779806,494.8810662776538,498.11356939849594,58652100
2024-03-08,496.73516845703125,503.0447976060077,496.1624491386697,500.3656691875528,86532500
2024-03-11,496.3079833984375,496.89041928478855,493.6093924281333,495.5314219659159,62557200
2024-03-12,501.6470031738281,502.2294094929587,495.9003176684613,498.41449998303995,73114400
2024-03-13,500.86065673828125,502.14200986510485,499.4240150117718,501.9672879725168,55104100
2024-03-14,499.8705139160156,501.9866689472691,496.8321662856789,501.83132111592977,110171800
2024-03-15,496.43817138671875,498.2590766512578,494.7730966492492,496.80819459859333,107646300
2024-03-18,499.3885498046875,501.93972478311895,498.9795987021718,500.498619372016,88893300
2024-03-19,502.1636657714844,502.44602683293346,497.69420694088996,498.6971800566581,60755300
2024-03-20,506.8084411621094,506.9447780211189,501.550319572243,502.22219759800726,69594600
2024-03-21,508.4832763671875,510.3430798516799,508.2008558207935,509.6420207680806,60256100
2024-03-22,507.51922607421875,508.88241615238655,507.2854803107173,508.3955498176283,79070800
2024-03-25,506.1170349121094,507.2660322991133,505.96120440733904,506.1462159868013,48512100
2024-03-26,505.1822509765625,507.87950952715136,504.78304672651166,507.53866742888704,65463700
2024-03-27,509.42779541015625,509.46678276035976,505.8444656756774,508.0061834942003,82999800
2024-03-28,509.3303527832031,510.8298796934876,509.04799170553036,509.46668962011773,96294900
2024-04-01,508.44427490234375,510.6059925472889,507.2855305336226,510.07045141241963,62477500
2024-04-02,505.2115173339844,505.3477947483364,502.9134629158643,504.62724203503336,74230300
2024-04-03,505.7664489746094,507.2660352902269,504.0721636747669,504.12083842082313,59155800
2024-04-04,499.59307861328125,510.10938062558256,499.29122383235546,509.7685979294163,96858100
2024-04-05,504.812255859375,506.7694681704287,500.50837380151097,500.94656541967566,74546500
2024-04-08,505.0946350097656,506.51630625250846,504.2864795999242,505.5133924018632,48401800
2024-04-09,505.6788635253906,507.071294128757,500.839381191466,506.82786095826793,68049200
2024-04-10,500.6153869628906,502.601780021425,498.6387407392185,499.99218385090813,82652800
2024-04-11,504.3935241699219,505.8346295064768,498.6290433917763,502.1344572387197,70099000
2024-04-12,497.431396484375,502.2708495884285,495.7078704459787,500.8589251713878,92561100
2024-04-15,491.1994934082031,501.7644698822578,490.3523209615631,501.5989519571189,92101400
2024-04-16,490.30364990234375,493.19563735543574,489.0183155418661,491.6766166443132,73484000
2024-04-17,487.40185546875,492.9229325491744,486.00942494137024,492.75738492725213,75910300
2024-04-18,486.3989562988281,490.8878795783521,485.46418121059236,488.794360179131,74548100
2024-04-19,482.1534729003906,487.3142441699,480.8876025986124,486.32104754330464,102212600
2024-04-22,486.59368896484375,489.18382142190774,482.4163675078979,484.75331996273405,67961000
2024-04-23,492.367919921875,492.7963646750655,486.4086807205422,488.5995792337359,64633600
2024-04-24,492.1342468261719,494.0427545951939,489.914137461728,493.2540334865075,55928100
2024-04-25,490.2646484375,491.02415872515365,484.42225246602163,486.0678630419317,69122400
2024-04-26,494.9093933105469,496.48683553540934,492.41663996726425,493.04956028124485,64306100
2024-04-29,496.6620788574219,497.33395677101214,493.9258924563797,496.69128964862307,46415400
2024-04-30,488.7943420410156,496.1752226900087,488.7943420410156,495.20149000874,77483600
2024-05-01,487.2071533203125,494.841213980312,486.7397509352648,488.2100967940072,80242800
2024-05-02,491.7642517089844,492.6016773299733,486.42818551774343,490.90736213065725,62550200
2024-05-03,497.85980224609375,499.08668524553275,495.20150126804214,497.73321224009646,72756700
2024-05-06,503.0010681152344,503.039996024656,499.81694342031363,500.25513498697876,47264700
2024-05-07,503.5561828613281,504.9486136014355,502.8843048675207,503.96513398697067,52561300
2024-05-08,503.60479736328125,504.14033844049237,501.6086572944442,501.72550045922026,42047200
2024-05-09,506.5065002441406,506.54548758690595,503.13742328274043,503.78980752288453,43643700
2024-05-10,507.1589660644531,508.9116730396104,505.94180018838176,508.1034582569593,52233200
2024-05-13,507.2270202636719,508.9407991411694,506.08776976766853,508.8337028193061,36716400
2024-05-14,509.5543212890625,510.070428158798,506.8863031411852,507.42184425163964,57535900
2024-05-15,515.8641357421875,516.1562436643347,511.38492968552964,512.0178797101214,59504900
2024-05-16,514.802734375,517.558414507879,514.6566506998298,515.9614786446474,50244800
2024-05-17,515.5426635742188,515.6108319783463,513.4686086768853,514.9194605352642,59187600
2024-05-20,516.1367797851562,517.5973789121299,515.2701433728218,515.6596602461204,37764200
2024-05-21,517.402587890625,517.5584184029028,515.1727614260365,515.3772666864285,33437000
2024-05-22,515.9127807617188,517.4220544657823,513.741316563043,516.7112486575287,48390000
2024-05-23,512.1444091796875,519.0676335599267,510.9369308576571,518.9605372397859,57211200
2024-05-24,515.5330810546875,516.3412958961842,513.0403275362747,513.9848197975488,41291100
2024-05-28,515.893310546875,516.5749353115505,513.2642204156563,516.3412489766735,36269600
2024-05-29,512.28076171875,513.4589997088932,511.56995584928654,511.871810616093,45190300
2024-05-30,508.8824768066406,511.40447087133504,507.6361297457073,510.7423397089747,46377600
2024-05-31,513.517333984375,513.6439239713764,504.7439941340697,509.8366558224101,90785800
2024-06-03,513.93603515625,515.4063808363203,508.8726139393969,515.1240197883811,46835700
2024-06-04,514.5107421875,515.2507887018945,511.170845466537,512.6314448190716,34632700
2024-06-05,520.6256103515625,520.645104022442,514.8416361330836,516.8280887412405,47610400
2024-06-06,520.6159057617188,521.3559521321091,518.6879340097541,520.9275073614583,30808500
2024-06-07,519.9830932617188,522.7874486486729,518.5516750551577,519.6422511020912,43224500
2024-06-10,521.589599609375,521.9109480214009,518.5807990347079,519.1747616812378,35686100
2024-06-11,522.8457641601562,522.9041857425336,518.0744503489441,520.0414093421914,36383400
2024-06-12,527.139892578125,529.8274041983666,526.1077383475028,527.4028194115604,63251300
2024-06-13,528.2013549804688,529.0582445758802,525.4164935113477,528.8829798084458,44760900
2024-06-14,528.5225830078125,528.5517640797698,525.6694943308721,526.6724673865745,40089900
2024-06-17,532.7291870117188,534.1216772051151,527.3834034899254,527.8410888070123,55839500
2024-06-18,534.0827026367188,534.2092926573293,532.3689233717765,532.7876213507444,41376400
2024-06-20,532.6317138671875,535.6697547200665,530.8595134643548,535.0076237066871,70328200
2024-06-21,531.9176635742188,533.0313142277637,530.4621308750893,531.810221745453,64338600
2024-06-24,530.1885375976562,534.3011982327657,530.0713174980777,531.7417933525489,45528700
2024-06-25,532.2303466796875,532.5917853363576,529.8956032092343,531.4097461795637,37936200
2024-06-26,532.8945922851562,533.6076912884868,530.4719636310322,531.1166742934914,38550600
2024-06-27,533.734619140625,534.3110010096894,532.0153114364416,532.7577451835803,35041500
2024-06-28,531.6343383789062,537.5542520433446,530.3937489459842,534.5063503169283,76144500
2024-07-01,532.728515625,533.2560061424955,529.9737236752046,533.0117876323043,40297800
2024-07-02,536.3135986328125,536.3135986328125,531.0775683576217,531.126400132376,40434800
2024-07-03,538.70703125,539.068469909586,535.9620173191718,536.0010708200014,32789900
2024-07-05,541.8134155273438,542.2139076372644,538.3747999305978,539.0097918869257,41488400
2024-07-08,542.438720703125,543.3862600338458,541.3739016175886,542.5949943367658,36110500
2024-07-09,542.9661865234375,544.2947210316149,542.6731362089374,543.396013525926,27289700
2024-07-10,548.3389892578125,548.6808713510104,543.8942239279161,544.1872742397521,38701200
2024-07-11,543.6107788085938,549.3255270030801,542.9758465360856,548.4560949063842,53054200
2024-07-12,547.0397338867188,550.6346235261244,544.2654447499774,544.7343252522627,53084400
2024-07-15,548.5440673828125,551.7775178290722,546.6879829958002,549.0325043663784,40584300
2024-07-16,551.7970581054688,552.090108393895,549.1008762046278,549.8530882979716,36475300
2024-07-17,544.0601806640625,547.5476278240299,543.7377955656038,545.8771519032762,57119000
2024-07-18,539.8792114257812,546.5806130354061,537.7008012722223,545.5939606590898,56270400
2024-07-19,536.2940063476562,541.2663208584747,535.2389658144236,539.6446767543289,65509100
2024-07-22,541.8232421875,542.4288993582354,538.277184442637,540.2113760766848,43346700
2024-07-23,540.9733276367188,543.8648365993427,540.484890622907,541.7157018138391,34439600
2024-07-24,528.7135009765625,536.4698829953903,527.7952370228695,536.1670544374522,74515300
2024-07-25,525.958740234375,534.7994982405838,525.0209792890996,528.8307523766035,61158300
2024-07-26,531.849365234375,534.535769150024,528.9675745637637,529.7393433023149,53763800
2024-07-29,532.1619262695312,534.3989464184045,530.1690650137424,533.3927971337158,39515800
2024-07-30,529.4656372070312,534.6821699039564,526.066135221137,533.6271294303981,46853600
2024-07-31,538.0719604492188,540.6997538692295,534.9166765387299,536.2842643515584,65663400
2024-08-01,530.4523315429688,542.0380422456446,526.955106117804,539.7912440920945,76428700
2024-08-02,520.576171875,524.5715530952934,516.3755660291246,523.3602388903765,82789100
2024-08-05,505.4151306152344,511.47176200774925,498.4695402072865,499.8078827767836,146267400
2024-08-06,510.0747985839844,517.4990173620844,505.89374911647377,507.2125052074326,84826300
2024-08-07,506.6654968261719,519.2965314666948,506.0696179320819,516.2486294067602,70698300
2024-08-08,518.3782958984375,519.0034500456989,509.77203694963987,511.7941139882875,63276600
2024-08-09,520.6641235351562,522.1489912653111,516.3365783728381,517.5576710131196,45619600
2024-08-12,520.9376831054688,523.3407552909962,518.6713279832952,521.8559471668351,42542100
2024-08-13,529.5047607421875,529.739260585726,523.8780165940644,524.122235093717,52333100
2024-08-14,531.17529296875,532.3573320967027,527.6292352085552,530.2960824274743,42446900
2024-08-15,540.2796630859375,540.562935056648,536.1865589989441,536.7922160560852,60846800
2024-08-16,541.490966796875,542.1845687274085,538.51151333941,538.667786928332,44430700
2024-08-19,546.66845703125,546.66845703125,541.0514314058853,541.9013070349608,39121800
2024-08-20,545.779541015625,547.8700657821756,544.4412283435015,546.2191462607274,33732300
2024-08-21,547.6550903320312,549.1106230342316,541.9012882335657,546.8247712917706,41514600
2024-08-22,543.3568725585938,550.1559376249218,542.1455582382872,549.5502804647684,56121500
2024-08-23,549.1302490234375,550.0680696349215,544.4021520897437,546.5904001832064,50639400
2024-08-26,547.8212280273438,550.8690705771505,546.1214765619129,550.1559715338451,35788600
2024-08-27,548.5734252929688,549.0618623501647,545.4083627021253,546.5512887213379,32693900
2024-08-28,545.3887939453125,548.661357929549,542.204174863817,548.2315309438809,41066000
2024-08-29,545.4376831054688,550.6444392611328,544.2947569915759,547.3523779928099,38715200
2024-08-30,550.6444091796875,551.1524028130747,544.2556737558524,547.8017316610252,62700100
2024-09-03,539.3126831054688,547.8407751289367,536.8021094517958,547.5086116923438,60600100
2024-09-04,538.2088012695312,541.6083040829072,536.7532683896355,537.4761456891545,47224900
2024-09-05,536.8997802734375,540.9928852935313,534.4478166491117,538.1502077884983,44264300
2024-09-06,527.8635864257812,538.8436399407501,526.964879098129,537.2220554393132,68493800
2024-09-09,533.773681640625,535.043665505135,530.1299607989381,532.0544335310877,40445800
2024-09-10,536.0986938476562,536.4504138231891,530.8138314182086,535.6786451567546,36394600
2024-09-11,541.5985107421875,542.5167747623394,527.4729497044474,536.0108196239122,75248600
2024-09-12,546.1605834960938,546.4634120914028,539.9573969973035,542.1749203516514,51819600
2024-09-13,549.012939453125,550.0093699640063,546.5121445202687,546.7661412876428,39310500
2024-09-16,549.82373046875,550.0874458768798,546.9517188263792,548.7491334077678,36656100
2024-09-17,550.0484619140625,553.477299266029,547.8211605278194,552.0314851715059,49321000
2024-09-18,548.4171142578125,555.5385046014119,547.8602888957543,550.702966140304,59044900
2024-09-19,557.7755126953125,559.6315971955383,554.9426137920285,557.8048475354702,75315500
2024-09-20,556.8113403320312,557.8500005367814,553.7933228326182,556.4096197933483,77503100
2024-09-23,558.2027587890625,558.8495067502496,556.6643550711399,557.8794446150124,44116900
2024-09-24,559.7999877929688,559.8587776289324,556.1744550910837,558.9964868304339,46805700
2024-09-25,558.5652465820312,560.3780425284191,557.4579883539482,559.6431398003925,38428600
2024-09-26,560.7798461914062,563.1413674659622,558.428192996937,562.8179934718497,48336000
2024-09-27,559.9664916992188,562.6611352170194,558.9376397719122,561.8478858705382,42100900
2024-09-30,562.21044921875,562.8179640810873,556.6447925339722,558.9376557740085,63557400
2024-10-01,557.173828125,562.5043247858904,554.6065728022052,561.8576367225866,72668800
2024-10-02,557.4090576171875,558.4281611024765,553.8913563966638,556.282242548741,38097800
2024-10-03,556.3899536132812,558.3300776437013,554.1068390984451,555.9391917508498,40846500
2024-10-04,561.4461669921875,561.8185225581165,556.6643942780399,560.828843806913,42939100
2024-10-07,556.3703002929688,560.4465939096317,555.2238688786401,559.7998460712181,49964700
2024-10-08,561.6322631835938,562.230029540932,558.0655806170524,558.9376197622599,37398700
2024-10-09,565.5223388671875,566.0808720947961,561.0247080377793,561.6224145456196,37912200
2024-10-10,564.53271484375,565.9535388259317,562.9257131010544,564.1799758679994,44138100
2024-10-11,567.9132690429688,568.6481717987969,564.3171018304082,564.4542980317323,42268000
2024-10-14,572.557861328125,573.4887501402064,569.0401003876937,569.5202272995722,36217200
2024-10-15,568.1092529296875,573.1261842726946,566.8941634738084,572.8224268603595,54203600
2024-10-16,570.5785522460938,571.097912292803,567.3058184280349,568.1093193754714,30725400
2024-10-17,570.6275024414062,574.3216329805343,570.4413246734956,574.1158386665669,34393700
2024-10-18,572.822509765625,573.6063941876963,570.852960533333,572.3129579783322,37416800
2024-10-21,571.8817749023438,573.0771881011084,568.912738838732,572.0973176864316,36439000
2024-10-22,571.5779418945312,572.7341816541917,568.6971208640092,569.3536172092114,34183800
2024-10-23,566.3552856445312,570.0004346494243,562.8571411229607,569.5594810059998,49314600
2024-10-24,567.5801391601562,568.3836400907534,564.9639018539431,568.3052337104026,34979900
2024-10-25,567.384033203125,572.6949728800472,566.4433960638868,569.8043437567766,47268200
2024-10-28,569.1381225585938,570.9802836348513,568.8343651367928,570.8528957024953,30174700
2024-10-29,570.0592041015625,571.1762108700161,566.7864107519835,568.1778099310847,42899700
2024-10-30,568.3346557617188,571.5780244818477,567.6291179550885,569.5888588084969,41435800
2024-10-31,557.1936645507812,564.0429508717123,556.9976784581396,563.9743527489597,60182500
2024-11-01,559.545166015625,563.9643910438907,559.1336371976272,559.8195584319851,45667500
2024-11-04,558.3399047851562,560.9757583388703,556.4585705161212,559.6823223393656,38217000
2024-11-05,565.09130859375,565.1304818819561,559.0357163025479,559.2512590975022,39478300
2024-11-06,579.142578125,580.0146771322202,573.6063462638446,577.3396500855225,68182000
2024-11-07,583.6205444335938,584.6396478381987,581.0630972629532,581.1415036340469,47233200
2024-11-08,586.1488037109375,587.5696280594702,584.1694459368482,584.1694459368482,46444900
2024-11-11,586.707275390625,588.0888664930864,584.9826937261699,587.7361274635068,37586800
2024-11-12,584.8846435546875,587.2264882691159,582.4055428293386,586.6287817012992,43006100
2024-11-13,585.1688232421875,587.1677373847895,582.9837313260188,585.3451927424278,47388600
2024-11-14,581.4060668945312,585.7763103260314,580.7202054727688,585.296183408181,38904100
2024-11-15,573.9590454101562,578.3194803370213,572.1070761341368,577.8491019104924,75988800
2024-11-18,576.310791015625,577.6237838402152,573.5573576252949,574.4195885423085,37001700
2024-11-19,578.41748046875,579.142574989824,572.2737337790142,572.9400384688264,49412000
2024-11-20,578.613525390625,578.897666302881,572.8616903884546,578.4959457161364,50032600
2024-11-21,581.7196655273438,583.1404896221547,575.6249001169805,581.455141177832,46750300
2024-11-22,583.5226440429688,584.1497754660484,581.2101642027249,581.7098478799927,38226400
2024-11-25,585.5018920898438,588.7648169220731,583.2187776891993,587.4518242946534,42441400
2024-11-26,588.5591430664062,589.2254477201681,586.0310608458545,586.7463470552605,45621300
2024-11-27,586.7757568359375,588.7550542016285,585.256969810655,588.3729502321648,34000200
2024-11-29,590.4208374023438,591.2047216811674,587.314665296655,587.5889978813017,30177400
2024-12-02,591.4791870117188,592.1552999944694,590.3425038316959,590.8324390421951,31746000
2024-12-03,591.7535400390625,591.9985076527607,590.2151960547985,591.2440480710218,26906600
2024-12-04,595.4279174804688,595.6728850379003,592.772507434092,593.4388120135218,42787600
2024-12-05,594.4481201171875,596.2314913306755,594.0953811448159,595.4279904670244,28762200
2024-12-06,595.5750122070312,596.8096584526629,594.800936138575,595.212464951605,31241500
2024-12-09,592.5079956054688,595.6239761392873,591.9200973185369,595.4574149257465,34742700
2024-12-10,590.6658935546875,593.605504896008,590.0093971009587,593.1841677805376,37234500
2024-12-11,595.2321166992188,596.1825623151827,593.3115491139272,593.5859415432025,28677700
2024-12-12,592.1651000976562,594.9380902901107,592.1651000976562,594.3698085144841,31543800
2024-12-13,592.0474853515625,594.9086900260288,590.6756429397628,594.1934038090473,35904700
2024-12-16,594.5755004882812,595.54562235978,593.0273484159295,593.8014244521054,43695200
2024-12-17,592.1259155273438,592.9882063411098,590.7541327283874,592.0279524011855,55773500
2024-12-18,574.4783935546875,594.2031278558312,574.0962297805506,591.8220501813851,108248700
2024-12-19,574.3019409179688,581.0630696987981,574.0569733506421,579.456068103567,85919500
2024-12-20,581.2000122070312,585.722562754752,571.1323175828937,571.9778879961826,125716700
2024-12-23,584.6803588867188,585.2800771480029,577.7686569320756,580.9443313472664,57635800
2024-12-24,591.1790161132812,591.2183812455869,585.4471288073329,586.0272244384283,33160100
2024-12-26,591.2183227539062,592.3390887650858,588.0131851949235,589.4092670737098,41219100
2024-12-27,584.9949951171875,587.7183905820746,580.8165297326684,587.4823797773107,64969300
2024-12-30,578.3192138671875,581.7799853973963,574.5733451400716,577.9948115421023,56578800
2024-12-31,576.2152709960938,580.6985158642835,574.583178079053,579.9807622286955,57052700
